club_name,player_name,age,position,club_involved_name,fee,transfer_movement,transfer_period,fee_cleaned,league_name,year,season,country,source,source_id,transfer_date,club_source_id,counterpart_source_id
Inter Milan,Curtis Jones,25,Central Midfield,Liverpool FC,€30.00m,in,Summer,30,Serie A,2026,2026/2027,Italy,transfermarkt.com,6524834,,46,31
Inter Milan,Djed Spence,26,Right-Back,Tottenham Hotspur,€30.00m,in,Summer,30,Serie A,2026,2026/2027,Italy,transfermarkt.com,6507250,,46,148
Inter Milan,Aleksandar Stanković,20,Defensive Midfield,Club Brugge KV,€23.00m,in,Summer,23,Serie A,2026,2026/2027,Italy,transfermarkt.com,6387073,,46,2282
Inter Milan,Manuel Akanji,30,Centre-Back,Manchester City,€15.00m,in,Summer,15,Serie A,2026,2026/2027,Italy,transfermarkt.com,6296046,,46,281
Inter Milan,Ivan Provedel,32,Goalkeeper,SS Lazio,€3.00m,in,Summer,3,Serie A,2026,2026/2027,Italy,transfermarkt.com,6412784,,46,398
Inter Milan,John Stones,32,Centre-Back,Manchester City,free transfer,in,Summer,0,Serie A,2026,2026/2027,Italy,transfermarkt.com,6471300,,46,281
Inter Milan,Franco Carboni,23,Left-Back,Parma Calcio 1913,End of loan 30/06/2026,in,Summer,0,Serie A,2026,2026/2027,Italy,transfermarkt.com,6150797,,46,130
Inter Milan,Benjamin Pavard,30,Centre-Back,Olympique Marseille,End of loan 30/06/2026,in,Summer,0,Serie A,2026,2026/2027,Italy,transfermarkt.com,5912119,,46,244
Inter Milan,Davide Frattesi,27,Central Midfield,SS Lazio,End of loan 30/06/2027,in,Summer,0,Serie A,2026,2026/2027,Italy,transfermarkt.com,6505676,,46,398
Inter Milan,Sebastiano Esposito,23,Second Striker,Cagliari Calcio,End of loan 30/06/2026,in,Summer,0,Serie A,2026,2026/2027,Italy,transfermarkt.com,5857881,,46,1390
Inter Milan,Ebenezer Akinsanmiro,21,Central Midfield,Pisa Sporting Club,End of loan 30/06/2026,in,Summer,0,Serie A,2026,2026/2027,Italy,transfermarkt.com,6375286,,46,4172
Inter Milan,Yanis Massolin,23,Attacking Midfield,Modena FC,End of loan 30/06/2026,in,Summer,0,Serie A,2026,2026/2027,Italy,transfermarkt.com,6162757,,46,1385
Inter Milan,Kristjan Asllani,24,Defensive Midfield,Besiktas JK,End of loan 30/06/2026,in,Summer,0,Serie A,2026,2026/2027,Italy,transfermarkt.com,6153075,,46,114
Inter Milan,Denzel Dumfries,30,Right-Back,Real Madrid,€20.00m,out,Summer,20,Serie A,2026,2026/2027,Italy,transfermarkt.com,6403434,,46,418
Inter Milan,Davide Frattesi,26,Central Midfield,SS Lazio,Loan fee:€5.00m,out,Summer,5,Serie A,2026,2026/2027,Italy,transfermarkt.com,6505675,,46,398
Inter Milan,Sebastiano Esposito,23,Second Striker,Cagliari Calcio,€4.00m,out,Summer,4,Serie A,2026,2026/2027,Italy,transfermarkt.com,6213271,,46,1390
Inter Milan,Franco Carboni,23,Left-Back,Parma Calcio 1913,€2.50m,out,Summer,2.5,Serie A,2026,2026/2027,Italy,transfermarkt.com,6398203,,46,130
Inter Milan,Stefan de Vrij,34,Centre-Back,Panathinaikos,free transfer,out,Summer,0,Serie A,2026,2026/2027,Italy,transfermarkt.com,6391197,,46,265
Inter Milan,Yann Sommer,37,Goalkeeper,Club Brugge KV,free transfer,out,Summer,0,Serie A,2026,2026/2027,Italy,transfermarkt.com,6426020,,46,2282
Inter Milan,Ebenezer Akinsanmiro,21,Central Midfield,AC Monza,loan transfer,out,Summer,0,Serie A,2026,2026/2027,Italy,transfermarkt.com,6475775,,46,2919
Inter Milan,Matteo Darmian,36,Right-Back,Without Club,-,out,Summer,NA,Serie A,2026,2026/2027,Italy,transfermarkt.com,6340747,,46,515
Inter Milan,Francesco Acerbi,38,Centre-Back,Without Club,-,out,Summer,NA,Serie A,2026,2026/2027,Italy,transfermarkt.com,6340754,,46,515
Inter Milan,Manuel Akanji,30,Centre-Back,Manchester City,End of loan 30/06/2026,out,Summer,0,Serie A,2026,2026/2027,Italy,transfermarkt.com,5910950,,46,281
SSC Napoli,Rasmus Højlund,23,Centre-Forward,Manchester United,€44.00m,in,Summer,44,Serie A,2026,2026/2027,Italy,transfermarkt.com,6315502,,6195,985
SSC Napoli,Alisson Santos,23,Left Winger,Sporting CP,€16.50m,in,Summer,16.5,Serie A,2026,2026/2027,Italy,transfermarkt.com,6339595,,6195,336
SSC Napoli,Vanja Milinković-Savić,29,Goalkeeper,Torino FC,€6.00m,in,Summer,6,Serie A,2026,2026/2027,Italy,transfermarkt.com,6175740,,6195,416
SSC Napoli,Benoît Badiashile,25,Centre-Back,Chelsea FC,Loan fee:€3.00m,in,Summer,3,Serie A,2026,2026/2027,Italy,transfermarkt.com,6526485,,6195,631
SSC Napoli,Costantino Favasuli,22,Right Midfield,US Catanzaro,Loan fee:€1.00m,in,Summer,1,Serie A,2026,2026/2027,Italy,transfermarkt.com,6517172,,6195,4097
SSC Napoli,Mattia Esposito,18,Second Striker,Sorrento 1945,€700Th.,in,Summer,0.7,Serie A,2026,2026/2027,Italy,transfermarkt.com,6481411,,6195,10118
SSC Napoli,Lorenzo Sgarbi,25,Second Striker,US Avellino 1912,End of loan 30/06/2026,in,Summer,0,Serie A,2026,2026/2027,Italy,transfermarkt.com,6162336,,6195,2331
SSC Napoli,Emanuele Rao,20,Left Winger,SSC Bari,End of loan 30/06/2026,in,Summer,0,Serie A,2026,2026/2027,Italy,transfermarkt.com,5787145,,6195,332
SSC Napoli,Lorenzo Russo,21,Defensive Midfield,Guidonia Montecelio 1937 FC,End of loan 30/06/2026,in,Summer,0,Serie A,2026,2026/2027,Italy,transfermarkt.com,5788869,,6195,45894
SSC Napoli,Gennaro Iaccarino,22,Central Midfield,SS Arezzo,End of loan 30/06/2026,in,Summer,0,Serie A,2026,2026/2027,Italy,transfermarkt.com,5804480,,6195,4255
SSC Napoli,Jesper Lindstrøm,26,Right Winger,VfL Wolfsburg,End of loan 30/06/2026,in,Summer,0,Serie A,2026,2026/2027,Italy,transfermarkt.com,5805472,,6195,82
SSC Napoli,Michael Folorunsho,28,Central Midfield,Cagliari Calcio,End of loan 30/06/2026,in,Summer,0,Serie A,2026,2026/2027,Italy,transfermarkt.com,5807612,,6195,1390
SSC Napoli,Alessio Zerbin,27,Right Midfield,US Cremonese,End of loan 30/06/2026,in,Summer,0,Serie A,2026,2026/2027,Italy,transfermarkt.com,5819458,,6195,2239
SSC Napoli,Claudio Turi,21,Goalkeeper,Altamura S.S.,End of loan 30/06/2026,in,Summer,0,Serie A,2026,2026/2027,Italy,transfermarkt.com,5826221,,6195,22408
SSC Napoli,Jens Cajuste,26,Defensive Midfield,Ipswich Town,End of loan 30/06/2026,in,Summer,0,Serie A,2026,2026/2027,Italy,transfermarkt.com,5843921,,6195,677
SSC Napoli,Giovanni Simeone,30,Centre-Forward,Torino FC,End of loan 30/06/2026,in,Summer,0,Serie A,2026,2026/2027,Italy,transfermarkt.com,5843940,,6195,416
SSC Napoli,Nosa Edward Obaretin,23,Centre-Back,FC Empoli,End of loan 30/06/2026,in,Summer,0,Serie A,2026,2026/2027,Italy,transfermarkt.com,5871529,,6195,749
SSC Napoli,Rafa Marín,24,Centre-Back,Villarreal CF,End of loan 30/06/2026,in,Summer,0,Serie A,2026,2026/2027,Italy,transfermarkt.com,5747475,,6195,1050
SSC Napoli,Alessandro Zanoli,25,Right-Back,Udinese Calcio,End of loan 30/06/2026,in,Summer,0,Serie A,2026,2026/2027,Italy,transfermarkt.com,5910385,,6195,410
SSC Napoli,Luis Hasa,22,Central Midfield,Carrarese Calcio 1908,End of loan 30/06/2026,in,Summer,0,Serie A,2026,2026/2027,Italy,transfermarkt.com,5910476,,6195,4159
SSC Napoli,Walid Cheddira,28,Centre-Forward,US Lecce,End of loan 30/06/2026,in,Summer,0,Serie A,2026,2026/2027,Italy,transfermarkt.com,6137774,,6195,1005
SSC Napoli,Lorenzo Lucca,25,Centre-Forward,Nottingham Forest,End of loan 30/06/2026,in,Summer,0,Serie A,2026,2026/2027,Italy,transfermarkt.com,6139612,,6195,703
SSC Napoli,Noa Lang,27,Left Winger,Galatasaray,End of loan 30/06/2026,in,Summer,0,Serie A,2026,2026/2027,Italy,transfermarkt.com,6139616,,6195,141
SSC Napoli,Antonio Cioffi,23,Left Winger,Latina Calcio 1932,End of loan 30/06/2026,in,Summer,0,Serie A,2026,2026/2027,Italy,transfermarkt.com,6140841,,6195,22045
SSC Napoli,Coli Saco,24,Central Midfield,Casertana FC,End of loan 30/06/2026,in,Summer,0,Serie A,2026,2026/2027,Italy,transfermarkt.com,6144745,,6195,4106
SSC Napoli,Cyril Ngonge,26,Right Winger,RCD Espanyol Barcelona,End of loan 30/06/2026,in,Summer,0,Serie A,2026,2026/2027,Italy,transfermarkt.com,6154290,,6195,714
SSC Napoli,Luca Marianucci,21,Centre-Back,Torino FC,End of loan 30/06/2026,in,Summer,0,Serie A,2026,2026/2027,Italy,transfermarkt.com,6154734,,6195,416
SSC Napoli,Miguel Gutiérrez,25,Left-Back,Bayer 04 Leverkusen,€26.00m,out,Summer,26,Serie A,2026,2026/2027,Italy,transfermarkt.com,6486778,,6195,15
SSC Napoli,Giovanni Simeone,30,Centre-Forward,Torino FC,€7.20m,out,Summer,7.2,Serie A,2026,2026/2027,Italy,transfermarkt.com,6175353,,6195,416
SSC Napoli,Romelu Lukaku,33,Centre-Forward,Fenerbahce,€6.00m,out,Summer,6,Serie A,2026,2026/2027,Italy,transfermarkt.com,6498703,,6195,36
SSC Napoli,Alessandro Zanoli,25,Right-Back,Udinese Calcio,€5.00m,out,Summer,5,Serie A,2026,2026/2027,Italy,transfermarkt.com,6362239,,6195,410
SSC Napoli,Luis Hasa,22,Central Midfield,Frosinone Calcio,€2.50m,out,Summer,2.5,Serie A,2026,2026/2027,Italy,transfermarkt.com,6454584,,6195,8970
SSC Napoli,Alessio Zerbin,27,Right Midfield,Frosinone Calcio,€2.00m,out,Summer,2,Serie A,2026,2026/2027,Italy,transfermarkt.com,6454582,,6195,8970
SSC Napoli,Emanuele Rao,20,Left Winger,Pisa Sporting Club,Loan fee:€1.00m,out,Summer,1,Serie A,2026,2026/2027,Italy,transfermarkt.com,6472894,,6195,4172
SSC Napoli,Nosa Edward Obaretin,23,Centre-Back,FC Lorient,Loan fee:€350Th.,out,Summer,0.35,Serie A,2026,2026/2027,Italy,transfermarkt.com,6533022,,6195,1158
SSC Napoli,Coli Saco,24,Central Midfield,Riga FC,?,out,Summer,NA,Serie A,2026,2026/2027,Italy,transfermarkt.com,6471339,,6195,48325
SSC Napoli,Gennaro Iaccarino,23,Central Midfield,SS Arezzo,?,out,Summer,NA,Serie A,2026,2026/2027,Italy,transfermarkt.com,6497666,,6195,4255
SSC Napoli,Antonio Cioffi,23,Left Winger,Latina Calcio 1932,?,out,Summer,NA,Serie A,2026,2026/2027,Italy,transfermarkt.com,6506577,,6195,22045
SSC Napoli,Claudio Turi,21,Goalkeeper,Pineto Calcio,loan transfer,out,Summer,0,Serie A,2026,2026/2027,Italy,transfermarkt.com,6435118,,6195,46337
SSC Napoli,Mathias Ferrante,19,Goalkeeper,CPR Ospitaletto,loan transfer,out,Summer,0,Serie A,2026,2026/2027,Italy,transfermarkt.com,6432371,,6195,5542
SSC Napoli,Mattia Esposito,18,Second Striker,SSC Bari,loan transfer,out,Summer,0,Serie A,2026,2026/2027,Italy,transfermarkt.com,6485159,,6195,332
SSC Napoli,Lorenzo Sgarbi,25,Second Striker,US Sambenedettese,loan transfer,out,Summer,0,Serie A,2026,2026/2027,Italy,transfermarkt.com,6491754,,6195,4330
SSC Napoli,Juan Jesus,35,Centre-Back,Without Club,-,out,Summer,NA,Serie A,2026,2026/2027,Italy,transfermarkt.com,6337175,,6195,515
SSC Napoli,Alisson Santos,23,Left Winger,Sporting CP,End of loan 30/06/2026,out,Summer,0,Serie A,2026,2026/2027,Italy,transfermarkt.com,6162546,,6195,336
SSC Napoli,Eljif Elmas,26,Attacking Midfield,RB Leipzig,End of loan 30/06/2026,out,Summer,0,Serie A,2026,2026/2027,Italy,transfermarkt.com,5909893,,6195,23826
SSC Napoli,Vanja Milinković-Savić,29,Goalkeeper,Torino FC,End of loan 30/06/2026,out,Summer,0,Serie A,2026,2026/2027,Italy,transfermarkt.com,5813793,,6195,416
SSC Napoli,Rasmus Højlund,23,Centre-Forward,Manchester United,End of loan 30/06/2026,out,Summer,0,Serie A,2026,2026/2027,Italy,transfermarkt.com,5910715,,6195,985
AS Roma,Santiago Castro,21,Centre-Forward,Bologna FC 1909,€36.00m,in,Summer,36,Serie A,2026,2026/2027,Italy,transfermarkt.com,6469978,,12,1025
AS Roma,Rodrigo Mora,19,Attacking Midfield,FC Porto,€25.00m,in,Summer,25,Serie A,2026,2026/2027,Italy,transfermarkt.com,6517054,,12,720
AS Roma,Donyell Malen,27,Centre-Forward,Aston Villa,€25.00m,in,Summer,25,Serie A,2026,2026/2027,Italy,transfermarkt.com,6309716,,12,405
AS Roma,Konstantinos Koulierakis,22,Centre-Back,VfL Wolfsburg,€16.50m,in,Summer,16.5,Serie A,2026,2026/2027,Italy,transfermarkt.com,6476809,,12,82
AS Roma,Nahuel Molina,28,Right-Back,Atlético de Madrid,€13.00m,in,Summer,13,Serie A,2026,2026/2027,Italy,transfermarkt.com,6496928,,12,13
AS Roma,Daniele Ghilardi,23,Centre-Back,Hellas Verona,€8.00m,in,Summer,8,Serie A,2026,2026/2027,Italy,transfermarkt.com,6177090,,12,276
AS Roma,Riccardo Pagano,21,Central Midfield,SSC Bari,End of loan 30/06/2026,in,Summer,0,Serie A,2026,2026/2027,Italy,transfermarkt.com,5762504,,12,332
AS Roma,Eldor Shomurodov,31,Centre-Forward,Basaksehir FK,End of loan 30/06/2026,in,Summer,0,Serie A,2026,2026/2027,Italy,transfermarkt.com,5767796,,12,6890
AS Roma,Mattia Mannini,19,Right-Back,SS Juve Stabia,End of loan 30/06/2026,in,Summer,0,Serie A,2026,2026/2027,Italy,transfermarkt.com,5827203,,12,5587
AS Roma,Saud Abdulhamid,26,Right-Back,RC Lens,End of loan 30/06/2026,in,Summer,0,Serie A,2026,2026/2027,Italy,transfermarkt.com,5832326,,12,826
AS Roma,Marash Kumbulla,26,Centre-Back,RCD Mallorca,End of loan 30/06/2026,in,Summer,0,Serie A,2026,2026/2027,Italy,transfermarkt.com,5872714,,12,237
AS Roma,Luigi Cherubini,22,Left Winger,UC Sampdoria,End of loan 30/06/2026,in,Summer,0,Serie A,2026,2026/2027,Italy,transfermarkt.com,5880471,,12,1038
AS Roma,Anass Salah-Eddine,24,Left-Back,PSV Eindhoven,End of loan 30/06/2026,in,Summer,0,Serie A,2026,2026/2027,Italy,transfermarkt.com,5907026,,12,383
AS Roma,Devis Vásquez,28,Goalkeeper,Besiktas JK,End of loan 30/06/2026,in,Summer,0,Serie A,2026,2026/2027,Italy,transfermarkt.com,6172492,,12,114
AS Roma,Filippo Reale,20,Centre-Back,US Avellino 1912,End of loan 30/06/2026,in,Summer,0,Serie A,2026,2026/2027,Italy,transfermarkt.com,6102130,,12,2331
AS Roma,Alessandro Romano,21,Defensive Midfield,Cagliari Calcio,End of loan 30/06/2027,in,Summer,0,Serie A,2026,2026/2027,Italy,transfermarkt.com,6393560,,12,1390
AS Roma,Alessandro Romano,20,Defensive Midfield,Spezia Calcio,End of loan 30/06/2026,in,Summer,0,Serie A,2026,2026/2027,Italy,transfermarkt.com,6123021,,12,3522
AS Roma,Buba Sangaré,18,Right-Back,Elche CF,End of loan 30/06/2026,in,Summer,0,Serie A,2026,2026/2027,Italy,transfermarkt.com,6164169,,12,1531
AS Roma,Buba Sangaré,18,Right-Back,Elche CF,€4.50m,out,Summer,4.5,Serie A,2026,2026/2027,Italy,transfermarkt.com,6336054,,12,1531
AS Roma,Saud Abdulhamid,26,Right-Back,RC Lens,€3.50m,out,Summer,3.5,Serie A,2026,2026/2027,Italy,transfermarkt.com,6338266,,12,826
AS Roma,Artem Dovbyk,29,Centre-Forward,Bologna FC 1909,Loan fee:€3.00m,out,Summer,3,Serie A,2026,2026/2027,Italy,transfermarkt.com,6470055,,12,1025
AS Roma,Eldor Shomurodov,31,Centre-Forward,Basaksehir FK,€2.80m,out,Summer,2.8,Serie A,2026,2026/2027,Italy,transfermarkt.com,6282178,,12,6890
AS Roma,Alessandro Romano,20,Defensive Midfield,Cagliari Calcio,Loan fee:€500Th.,out,Summer,0.5,Serie A,2026,2026/2027,Italy,transfermarkt.com,6393559,,12,1390
AS Roma,Zeki Çelik,29,Right-Back,Juventus FC,free transfer,out,Summer,0,Serie A,2026,2026/2027,Italy,transfermarkt.com,6391653,,12,506
AS Roma,Marash Kumbulla,26,Centre-Back,Rayo Vallecano,loan transfer,out,Summer,0,Serie A,2026,2026/2027,Italy,transfermarkt.com,6490376,,12,367
AS Roma,Angeliño,29,Left-Back,Deportivo A Coruña,loan transfer,out,Summer,0,Serie A,2026,2026/2027,Italy,transfermarkt.com,6488803,,12,897
AS Roma,Riccardo Pagano,21,Central Midfield,Cesena FC,?,out,Summer,NA,Serie A,2026,2026/2027,Italy,transfermarkt.com,6468504,,12,1429
AS Roma,Radoslaw Zelezny,19,Goalkeeper,AC Perugia Calcio,loan transfer,out,Summer,0,Serie A,2026,2026/2027,Italy,transfermarkt.com,6493908,,12,839
AS Roma,Luigi Cherubini,22,Left Winger,Benevento Calcio,loan transfer,out,Summer,0,Serie A,2026,2026/2027,Italy,transfermarkt.com,6514873,,12,4171
AS Roma,Filippo Reale,20,Centre-Back,Carrarese Calcio 1908,loan transfer,out,Summer,0,Serie A,2026,2026/2027,Italy,transfermarkt.com,6517167,,12,4159
AS Roma,Stephan El Shaarawy,33,Left Winger,Without Club,-,out,Summer,NA,Serie A,2026,2026/2027,Italy,transfermarkt.com,6313479,,12,515
AS Roma,Konstantinos Tsimikas,30,Left-Back,Liverpool FC,End of loan 30/06/2026,out,Summer,0,Serie A,2026,2026/2027,Italy,transfermarkt.com,5907657,,12,31
AS Roma,Evan Ferguson,21,Centre-Forward,Brighton & Hove Albion,End of loan 30/06/2026,out,Summer,0,Serie A,2026,2026/2027,Italy,transfermarkt.com,5803395,,12,1237
AS Roma,Daniele Ghilardi,23,Centre-Back,Hellas Verona,End of loan 30/06/2026,out,Summer,0,Serie A,2026,2026/2027,Italy,transfermarkt.com,5829325,,12,276
AS Roma,Donyell Malen,27,Centre-Forward,Aston Villa,End of loan 30/06/2026,out,Summer,0,Serie A,2026,2026/2027,Italy,transfermarkt.com,6122347,,12,405
AS Roma,Lorenzo Venturino,20,Right Winger,Genoa CFC,End of loan 30/06/2026,out,Summer,0,Serie A,2026,2026/2027,Italy,transfermarkt.com,6140816,,12,252
AS Roma,Bryan Zaragoza,24,Left Winger,Bayern Munich,End of loan 30/06/2026,out,Summer,0,Serie A,2026,2026/2027,Italy,transfermarkt.com,6162197,,12,27
Como 1907,Trevoh Chalobah,27,Centre-Back,Chelsea FC,€30.00m,in,Summer,30,Serie A,2026,2026/2027,Italy,transfermarkt.com,6491093,,1047,631
Como 1907,Álvaro Morata,33,Centre-Forward,AC Milan,€12.00m,in,Summer,12,Serie A,2026,2026/2027,Italy,transfermarkt.com,6362238,,1047,5
Como 1907,Luis Milla,31,Central Midfield,Getafe CF,€6.00m,in,Summer,6,Serie A,2026,2026/2027,Italy,transfermarkt.com,6396320,,1047,3709
Como 1907,Mattia Liberali,19,Attacking Midfield,US Catanzaro,€6.00m,in,Summer,6,Serie A,2026,2026/2027,Italy,transfermarkt.com,6429997,,1047,4097
Como 1907,Yan Couto,24,Right-Back,Borussia Dortmund,Loan fee:€3.00m,in,Summer,3,Serie A,2026,2026/2027,Italy,transfermarkt.com,6489344,,1047,16
Como 1907,Andrés Cuenca,19,Centre-Back,FC Barcelona Atlètic,€500Th.,in,Summer,0.5,Serie A,2026,2026/2027,Italy,transfermarkt.com,6307219,,1047,2464
Como 1907,Kaiki,23,Left-Back,Cruzeiro Esporte Clube,loan transfer,in,Summer,0,Serie A,2026,2026/2027,Italy,transfermarkt.com,6397126,,1047,609
Como 1907,Willy Kambwala,22,Centre-Back,Villarreal CF,loan transfer,in,Summer,0,Serie A,2026,2026/2027,Italy,transfermarkt.com,6535871,,1047,1050
Como 1907,Marlon Mustapha,25,Centre-Forward,SCR Altach,End of loan 30/06/2026,in,Summer,0,Serie A,2026,2026/2027,Italy,transfermarkt.com,5505519,,1047,3551
Como 1907,Federico Chinetti,20,Right Winger,AC Trento,End of loan 30/06/2026,in,Summer,0,Serie A,2026,2026/2027,Italy,transfermarkt.com,5788964,,1047,4095
Como 1907,Fabio Rispoli,19,Central Midfield,US Catanzaro,End of loan 30/06/2026,in,Summer,0,Serie A,2026,2026/2027,Italy,transfermarkt.com,5796865,,1047,4097
Como 1907,Emil Audero,29,Goalkeeper,US Cremonese,End of loan 30/06/2026,in,Summer,0,Serie A,2026,2026/2027,Italy,transfermarkt.com,5814591,,1047,2239
Como 1907,Alieu Fadera,24,Left Winger,US Sassuolo,End of loan 30/06/2026,in,Summer,0,Serie A,2026,2026/2027,Italy,transfermarkt.com,5818053,,1047,6574
Como 1907,Luca Mazzitelli,30,Central Midfield,Cagliari Calcio,End of loan 30/06/2026,in,Summer,0,Serie A,2026,2026/2027,Italy,transfermarkt.com,5823501,,1047,1390
Como 1907,Matthias Braunöder,24,Central Midfield,SSC Bari,End of loan 30/06/2026,in,Summer,0,Serie A,2026,2026/2027,Italy,transfermarkt.com,5838424,,1047,332
Como 1907,Iván Azón,23,Centre-Forward,Ipswich Town,End of loan 30/06/2026,in,Summer,0,Serie A,2026,2026/2027,Italy,transfermarkt.com,5900340,,1047,677
Como 1907,Ali Jasim,22,Left Winger,Al-Najma SC,End of loan 30/06/2026,in,Summer,0,Serie A,2026,2026/2027,Italy,transfermarkt.com,5902191,,1047,32328
Como 1907,Jacopo Simonetta,20,Attacking Midfield,Siracusa Calcio,End of loan 30/06/2026,in,Summer,0,Serie A,2026,2026/2027,Italy,transfermarkt.com,6162749,,1047,8373
Como 1907,Alessandro Gabrielloni,31,Centre-Forward,SS Juve Stabia,End of loan 30/06/2026,in,Summer,0,Serie A,2026,2026/2027,Italy,transfermarkt.com,5904122,,1047,5587
Como 1907,Yannik Engelhardt,25,Defensive Midfield,Borussia Mönchengladbach,End of loan 30/06/2026,in,Summer,0,Serie A,2026,2026/2027,Italy,transfermarkt.com,5909142,,1047,18
Como 1907,Giuseppe Mazzaglia,20,Central Midfield,Piacenza Calcio 1919,End of loan 30/06/2026,in,Summer,0,Serie A,2026,2026/2027,Italy,transfermarkt.com,5910528,,1047,1408
Como 1907,Tommaso Cassandro,26,Centre-Back,US Catanzaro,End of loan 30/06/2026,in,Summer,0,Serie A,2026,2026/2027,Italy,transfermarkt.com,5910622,,1047,4097
Como 1907,Ben Lhassine Kone,26,Central Midfield,Frosinone Calcio,End of loan 30/06/2026,in,Summer,0,Serie A,2026,2026/2027,Italy,transfermarkt.com,5911010,,1047,8970
Como 1907,Alberto Dossena,27,Centre-Back,Cagliari Calcio,End of loan 30/06/2026,in,Summer,0,Serie A,2026,2026/2027,Italy,transfermarkt.com,6135887,,1047,1390
Como 1907,Stefan Posch,29,Centre-Back,1.FSV Mainz 05,End of loan 30/06/2026,in,Summer,0,Serie A,2026,2026/2027,Italy,transfermarkt.com,6136855,,1047,39
Como 1907,Patrick Cutrone,28,Centre-Forward,AC Monza,End of loan 30/06/2026,in,Summer,0,Serie A,2026,2026/2027,Italy,transfermarkt.com,6153229,,1047,2919
Como 1907,Fellipe Jack,20,Centre-Back,US Catanzaro,End of loan 30/06/2026,in,Summer,0,Serie A,2026,2026/2027,Italy,transfermarkt.com,6161302,,1047,4097
Como 1907,Tommaso Fumagalli,26,Centre-Forward,AC Reggiana 1919,End of loan 30/06/2026,in,Summer,0,Serie A,2026,2026/2027,Italy,transfermarkt.com,6162635,,1047,5621
Como 1907,Yannik Engelhardt,25,Defensive Midfield,SC Freiburg,€7.00m,out,Summer,7,Serie A,2026,2026/2027,Italy,transfermarkt.com,6437171,,1047,60
Como 1907,Patrick Cutrone,28,Centre-Forward,AC Monza,€4.00m,out,Summer,4,Serie A,2026,2026/2027,Italy,transfermarkt.com,6319079,,1047,2919
Como 1907,Stefan Posch,29,Centre-Back,1.FSV Mainz 05,€4.00m,out,Summer,4,Serie A,2026,2026/2027,Italy,transfermarkt.com,6497083,,1047,39
Como 1907,Tommaso Cassandro,26,Centre-Back,Palermo FC,€1.50m,out,Summer,1.5,Serie A,2026,2026/2027,Italy,transfermarkt.com,6402457,,1047,458
Como 1907,Mërgim Vojvoda,31,Right-Back,Udinese Calcio,€1.50m,out,Summer,1.5,Serie A,2026,2026/2027,Italy,transfermarkt.com,6437713,,1047,410
Como 1907,Ben Lhassine Kone,26,Central Midfield,Frosinone Calcio,€1.30m,out,Summer,1.3,Serie A,2026,2026/2027,Italy,transfermarkt.com,6302721,,1047,8970
Como 1907,Ali Jasim,22,Left Winger,Zakho SC,€650Th.,out,Summer,0.65,Serie A,2026,2026/2027,Italy,transfermarkt.com,6515318,,1047,39637
Como 1907,Alieu Fadera,24,Left Winger,Cagliari Calcio,Loan fee:€500Th.,out,Summer,0.5,Serie A,2026,2026/2027,Italy,transfermarkt.com,6524976,,1047,1390
Como 1907,Sergi Roberto,34,Central Midfield,Los Angeles Galaxy,free transfer,out,Summer,0,Serie A,2026,2026/2027,Italy,transfermarkt.com,6489484,,1047,1061
Como 1907,Alberto Moreno,34,Left-Back,RCD Mallorca,free transfer,out,Summer,0,Serie A,2026,2026/2027,Italy,transfermarkt.com,6368350,,1047,237
Como 1907,Giuseppe Mazzaglia,20,Central Midfield,US Folgore Caratese,?,out,Summer,NA,Serie A,2026,2026/2027,Italy,transfermarkt.com,6412066,,1047,26251
Como 1907,Tommaso Fumagalli,26,Centre-Forward,Inter U23,?,out,Summer,NA,Serie A,2026,2026/2027,Italy,transfermarkt.com,6533844,,1047,41119
Como 1907,Jacopo Simonetta,20,Attacking Midfield,FC Vado,loan transfer,out,Summer,0,Serie A,2026,2026/2027,Italy,transfermarkt.com,6461340,,1047,11483
Como 1907,Fellipe Jack,20,Centre-Back,US Cremonese,loan transfer,out,Summer,0,Serie A,2026,2026/2027,Italy,transfermarkt.com,6427378,,1047,2239
Como 1907,Andréa Le Borgne,20,Defensive Midfield,Hellas Verona,loan transfer,out,Summer,0,Serie A,2026,2026/2027,Italy,transfermarkt.com,6503043,,1047,276
Como 1907,Federico Chinetti,20,Right Winger,Mantova 1911,loan transfer,out,Summer,0,Serie A,2026,2026/2027,Italy,transfermarkt.com,6401927,,1047,2581
Como 1907,Fabio Rispoli,19,Central Midfield,FC Südtirol,loan transfer,out,Summer,0,Serie A,2026,2026/2027,Italy,transfermarkt.com,6514840,,1047,4554
Como 1907,Andrés Cuenca,19,Centre-Back,Sporting Gijón,loan transfer,out,Summer,0,Serie A,2026,2026/2027,Italy,transfermarkt.com,6515739,,1047,2448
Como 1907,Nikola Cavlina,24,Goalkeeper,GNK Dinamo Zagreb,End of loan 30/06/2026,out,Summer,0,Serie A,2026,2026/2027,Italy,transfermarkt.com,5902727,,1047,419
Como 1907,Álvaro Morata,33,Centre-Forward,AC Milan,End of loan 30/06/2026,out,Summer,0,Serie A,2026,2026/2027,Italy,transfermarkt.com,5857087,,1047,5
Como 1907,Henrique Menke,19,Goalkeeper,SC Internacional U20,End of loan 30/06/2026,out,Summer,0,Serie A,2026,2026/2027,Italy,transfermarkt.com,5867697,,1047,15083
Como 1907,Diego Carlos,33,Centre-Back,Fenerbahce,End of loan 30/06/2026,out,Summer,0,Serie A,2026,2026/2027,Italy,transfermarkt.com,5910507,,1047,36
AC Milan,Gonçalo Ramos,25,Centre-Forward,Paris Saint-Germain,€74.00m,in,Summer,74,Serie A,2026,2026/2027,Italy,transfermarkt.com,6390317,,5,583
AC Milan,Diego Moreira,22,Left Midfield,RC Strasbourg Alsace,€50.00m,in,Summer,50,Serie A,2026,2026/2027,Italy,transfermarkt.com,6519178,,5,667
AC Milan,Mario Gila,25,Centre-Back,SS Lazio,€30.00m,in,Summer,30,Serie A,2026,2026/2027,Italy,transfermarkt.com,6418058,,5,398
AC Milan,Andrej Kostić,19,Centre-Forward,FK Partizan Belgrade,€3.50m,in,Summer,3.5,Serie A,2026,2026/2027,Italy,transfermarkt.com,6253308,,5,669
AC Milan,Sankhoun Diawara,20,Centre-Back,ESTAC Troyes,€2.00m,in,Summer,2,Serie A,2026,2026/2027,Italy,transfermarkt.com,6466801,,5,1095
AC Milan,Francesco Camarda,18,Centre-Forward,US Lecce,End of loan 30/06/2026 €1.35m,in,Summer,0,Serie A,2026,2026/2027,Italy,transfermarkt.com,5759063,,5,1005
AC Milan,Christian Comotto,18,Central Midfield,Spezia Calcio,End of loan 30/06/2026,in,Summer,0,Serie A,2026,2026/2027,Italy,transfermarkt.com,5834097,,5,3522
AC Milan,Tommaso Pobega,26,Central Midfield,Bologna FC 1909,End of loan 30/06/2026,in,Summer,0,Serie A,2026,2026/2027,Italy,transfermarkt.com,5800645,,5,1025
AC Milan,Lorenzo Colombo,24,Centre-Forward,Genoa CFC,End of loan 30/06/2026,in,Summer,0,Serie A,2026,2026/2027,Italy,transfermarkt.com,5817925,,5,252
AC Milan,Samuel Chukwueze,27,Right Winger,Fulham FC,End of loan 30/06/2026,in,Summer,0,Serie A,2026,2026/2027,Italy,transfermarkt.com,5911599,,5,931
AC Milan,Filippo Terracciano,23,Centre-Back,US Cremonese,End of loan 30/06/2026,in,Summer,0,Serie A,2026,2026/2027,Italy,transfermarkt.com,5854579,,5,2239
AC Milan,Álvaro Morata,33,Centre-Forward,Como 1907,End of loan 30/06/2026,in,Summer,0,Serie A,2026,2026/2027,Italy,transfermarkt.com,5857087,,5,1047
AC Milan,Warren Bondo,22,Central Midfield,US Cremonese,End of loan 30/06/2026,in,Summer,0,Serie A,2026,2026/2027,Italy,transfermarkt.com,5857246,,5,2239
AC Milan,Álex Jiménez,21,Right-Back,AFC Bournemouth,End of loan 30/06/2026,in,Summer,0,Serie A,2026,2026/2027,Italy,transfermarkt.com,5908687,,5,989
AC Milan,Yunus Musah,23,Central Midfield,Atalanta BC,End of loan 30/06/2026,in,Summer,0,Serie A,2026,2026/2027,Italy,transfermarkt.com,5910304,,5,800
AC Milan,Alphadjo Cissè,19,Attacking Midfield,US Catanzaro,End of loan 30/06/2026,in,Summer,0,Serie A,2026,2026/2027,Italy,transfermarkt.com,6160713,,5,4097
AC Milan,Ismaël Bennacer,28,Defensive Midfield,GNK Dinamo Zagreb,End of loan 30/06/2026,in,Summer,0,Serie A,2026,2026/2027,Italy,transfermarkt.com,5919955,,5,419
AC Milan,Álex Jiménez,21,Right-Back,AFC Bournemouth,€18.50m,out,Summer,18.5,Serie A,2026,2026/2027,Italy,transfermarkt.com,6175692,,5,989
AC Milan,Álvaro Morata,33,Centre-Forward,Como 1907,€12.00m,out,Summer,12,Serie A,2026,2026/2027,Italy,transfermarkt.com,6362238,,5,1047
AC Milan,Lorenzo Colombo,24,Centre-Forward,Genoa CFC,€7.00m,out,Summer,7,Serie A,2026,2026/2027,Italy,transfermarkt.com,6297022,,5,252
AC Milan,Tommaso Pobega,26,Central Midfield,Bologna FC 1909,€7.00m,out,Summer,7,Serie A,2026,2026/2027,Italy,transfermarkt.com,6186998,,5,1025
AC Milan,Christopher Nkunku,28,Centre-Forward,RB Leipzig,Loan fee:€3.00m,out,Summer,3,Serie A,2026,2026/2027,Italy,transfermarkt.com,6533695,,5,23826
AC Milan,Andrej Kostić,19,Centre-Forward,Sparta Rotterdam,loan transfer,out,Summer,0,Serie A,2026,2026/2027,Italy,transfermarkt.com,6517509,,5,468
AC Milan,David Odogu,20,Centre-Back,FC Toulouse,loan transfer,out,Summer,0,Serie A,2026,2026/2027,Italy,transfermarkt.com,6515499,,5,415
AC Milan,Zachary Athekame,21,Right-Back,Olympique Lyon,loan transfer,out,Summer,0,Serie A,2026,2026/2027,Italy,transfermarkt.com,6504979,,5,1041
AC Milan,Ismaël Bennacer,28,Defensive Midfield,Without Club,-,out,Summer,NA,Serie A,2026,2026/2027,Italy,transfermarkt.com,6490310,,5,515
AC Milan,Niclas Füllkrug,33,Centre-Forward,West Ham United,End of loan 30/06/2026,out,Summer,0,Serie A,2026,2026/2027,Italy,transfermarkt.com,6089879,,5,379
Juventus FC,Loïs Openda,26,Centre-Forward,RB Leipzig,€42.75m,in,Summer,42.75,Serie A,2026,2026/2027,Italy,transfermarkt.com,6270115,,506,23826
Juventus FC,Randal Kolo Muani,27,Centre-Forward,Paris Saint-Germain,€41.20m,in,Summer,41.2,Serie A,2026,2026/2027,Italy,transfermarkt.com,6478919,,506,583
Juventus FC,Kerim Alajbegovic,18,Left Winger,Bayer 04 Leverkusen,€32.00m,in,Summer,32,Serie A,2026,2026/2027,Italy,transfermarkt.com,6478659,,506,15
Juventus FC,Jhon Lucumí,28,Centre-Back,Bologna FC 1909,€20.10m,in,Summer,20.1,Serie A,2026,2026/2027,Italy,transfermarkt.com,6510539,,506,1025
Juventus FC,Jeff Ekhator,19,Centre-Forward,Genoa CFC,€16.40m,in,Summer,16.4,Serie A,2026,2026/2027,Italy,transfermarkt.com,6394227,,506,252
Juventus FC,Jérémie Boga,29,Left Winger,OGC Nice,€4.80m,in,Summer,4.8,Serie A,2026,2026/2027,Italy,transfermarkt.com,6361088,,506,417
Juventus FC,Kamil Grabara,27,Goalkeeper,VfL Wolfsburg,Loan fee:€700Th.,in,Summer,0.7,Serie A,2026,2026/2027,Italy,transfermarkt.com,6533757,,506,82
Juventus FC,Zeki Çelik,29,Right-Back,AS Roma,free transfer,in,Summer,0,Serie A,2026,2026/2027,Italy,transfermarkt.com,6391653,,506,12
Juventus FC,Guglielmo Vicario,29,Goalkeeper,Tottenham Hotspur,loan transfer,in,Summer,0,Serie A,2026,2026/2027,Italy,transfermarkt.com,6515412,,506,148
Juventus FC,Arthur Melo,29,Defensive Midfield,Grêmio Foot-Ball Porto Alegrense,End of loan 30/06/2026,in,Summer,0,Serie A,2026,2026/2027,Italy,transfermarkt.com,5896284,,506,210
Juventus FC,Daniele Rugani,31,Centre-Back,ACF Fiorentina,End of loan 30/06/2026,in,Summer,0,Serie A,2026,2026/2027,Italy,transfermarkt.com,6162081,,506,430
Juventus FC,João Mário,26,Right-Back,Bologna FC 1909,End of loan 30/06/2026,in,Summer,0,Serie A,2026,2026/2027,Italy,transfermarkt.com,6161322,,506,1025
Juventus FC,Douglas Luiz,28,Central Midfield,Aston Villa,End of loan 30/06/2026,in,Summer,0,Serie A,2026,2026/2027,Italy,transfermarkt.com,6148452,,506,405
Juventus FC,Facundo González,23,Centre-Back,Racing Santander,End of loan 30/06/2026,in,Summer,0,Serie A,2026,2026/2027,Italy,transfermarkt.com,5911788,,506,630
Juventus FC,Nico González,28,Left Winger,Atlético de Madrid,End of loan 30/06/2026,in,Summer,0,Serie A,2026,2026/2027,Italy,transfermarkt.com,5910218,,506,13
Juventus FC,Timothy Weah,26,Right Midfield,Olympique Marseille,End of loan 30/06/2026,in,Summer,0,Serie A,2026,2026/2027,Italy,transfermarkt.com,5840398,,506,244
Juventus FC,Timothy Weah,26,Right Midfield,Olympique Marseille,€14.40m,out,Summer,14.4,Serie A,2026,2026/2027,Italy,transfermarkt.com,6082841,,506,244
Juventus FC,Loïs Openda,26,Centre-Forward,Olympique Lyon,Loan fee:€3.50m,out,Summer,3.5,Serie A,2026,2026/2027,Italy,transfermarkt.com,6465549,,506,1041
Juventus FC,Facundo González,23,Centre-Back,Racing Santander,€2.50m,out,Summer,2.5,Serie A,2026,2026/2027,Italy,transfermarkt.com,6316410,,506,630
Juventus FC,João Mário,26,Right-Back,ACF Fiorentina,Loan fee:€1.80m,out,Summer,1.8,Serie A,2026,2026/2027,Italy,transfermarkt.com,6481933,,506,430
Juventus FC,Michele Di Gregorio,29,Goalkeeper,AFC Bournemouth,Loan fee:€1.30m,out,Summer,1.3,Serie A,2026,2026/2027,Italy,transfermarkt.com,6532681,,506,989
Juventus FC,Vasilije Adžić,20,Attacking Midfield,US Sassuolo,Loan fee:€500Th.,out,Summer,0.5,Serie A,2026,2026/2027,Italy,transfermarkt.com,6481720,,506,6574
Juventus FC,Mattia Perin,33,Goalkeeper,Palermo FC,€400Th.,out,Summer,0.4,Serie A,2026,2026/2027,Italy,transfermarkt.com,6535788,,506,458
Juventus FC,Dušan Vlahović,26,Centre-Forward,Besiktas JK,free transfer,out,Summer,0,Serie A,2026,2026/2027,Italy,transfermarkt.com,6336778,,506,114
Juventus FC,Filip Kostic,33,Left-Back,PSV Eindhoven,free transfer,out,Summer,0,Serie A,2026,2026/2027,Italy,transfermarkt.com,6489469,,506,383
Juventus FC,Arthur Melo,30,Defensive Midfield,Without Club,-,out,Summer,NA,Serie A,2026,2026/2027,Italy,transfermarkt.com,6523726,,506,515
Juventus FC,Emil Holm,26,Right-Back,Bologna FC 1909,End of loan 30/06/2026,out,Summer,0,Serie A,2026,2026/2027,Italy,transfermarkt.com,6161312,,506,1025
Juventus FC,Jérémie Boga,29,Left Winger,OGC Nice,End of loan 30/06/2026,out,Summer,0,Serie A,2026,2026/2027,Italy,transfermarkt.com,6158724,,506,417
Juventus FC,Loïs Openda,26,Centre-Forward,RB Leipzig,End of loan 30/06/2026,out,Summer,0,Serie A,2026,2026/2027,Italy,transfermarkt.com,5910974,,506,23826
Atalanta BC,Gianluca Gaetano,26,Defensive Midfield,Cagliari Calcio,€12.00m,in,Summer,12,Serie A,2026,2026/2027,Italy,transfermarkt.com,6415365,,800,1390
Atalanta BC,Eljif Elmas,26,Attacking Midfield,RB Leipzig,Loan fee:€2.00m,in,Summer,2,Serie A,2026,2026/2027,Italy,transfermarkt.com,6525699,,800,23826
Atalanta BC,Thomas Kristensen,24,Centre-Back,Udinese Calcio,loan transfer,in,Summer,0,Serie A,2026,2026/2027,Italy,transfermarkt.com,6501836,,800,410
Atalanta BC,El Bilal Touré,24,Left Winger,Besiktas JK,End of loan 30/06/2026,in,Summer,0,Serie A,2026,2026/2027,Italy,transfermarkt.com,5895828,,800,114
Atalanta BC,Giovanni Bonfanti,23,Centre-Back,Spezia Calcio,End of loan 30/06/2026,in,Summer,0,Serie A,2026,2026/2027,Italy,transfermarkt.com,6149298,,800,3522
Atalanta BC,Daniel Maldini,24,Attacking Midfield,SS Lazio,End of loan 30/06/2026,in,Summer,0,Serie A,2026,2026/2027,Italy,transfermarkt.com,6146132,,800,398
Atalanta BC,Ibrahim Sulemana,23,Defensive Midfield,Cagliari Calcio,End of loan 30/06/2026,in,Summer,0,Serie A,2026,2026/2027,Italy,transfermarkt.com,6135809,,800,1390
Atalanta BC,Ben Godfrey,28,Centre-Back,Bröndby IF,End of loan 30/06/2026,in,Summer,0,Serie A,2026,2026/2027,Italy,transfermarkt.com,6133784,,800,206
Atalanta BC,Marco Brescianini,26,Central Midfield,ACF Fiorentina,End of loan 30/06/2026,in,Summer,0,Serie A,2026,2026/2027,Italy,transfermarkt.com,6107363,,800,430
Atalanta BC,Marco Palestra,21,Right-Back,Cagliari Calcio,End of loan 30/06/2026,in,Summer,0,Serie A,2026,2026/2027,Italy,transfermarkt.com,5895883,,800,1390
Atalanta BC,Marco Palestra,21,Right-Back,Chelsea FC,€57.00m,out,Summer,57,Serie A,2026,2026/2027,Italy,transfermarkt.com,6393400,,800,631
Atalanta BC,Marco Brescianini,26,Central Midfield,ACF Fiorentina,€10.00m,out,Summer,10,Serie A,2026,2026/2027,Italy,transfermarkt.com,6304508,,800,430
Atalanta BC,Berat Djimsiti,33,Centre-Back,Al-Diriyah FC,€3.00m,out,Summer,3,Serie A,2026,2026/2027,Italy,transfermarkt.com,6493977,,800,52358
Atalanta BC,El Bilal Touré,24,Left Winger,Parma Calcio 1913,Loan fee:€1.50m,out,Summer,1.5,Serie A,2026,2026/2027,Italy,transfermarkt.com,6489482,,800,130
Atalanta BC,Daniel Maldini,24,Attacking Midfield,Cagliari Calcio,Loan fee:€1.00m,out,Summer,1,Serie A,2026,2026/2027,Italy,transfermarkt.com,6490919,,800,1390
Atalanta BC,Ben Godfrey,28,Centre-Back,Rangers FC,loan transfer,out,Summer,0,Serie A,2026,2026/2027,Italy,transfermarkt.com,6387436,,800,124
Atalanta BC,Giovanni Bonfanti,23,Centre-Back,UD Las Palmas,loan transfer,out,Summer,0,Serie A,2026,2026/2027,Italy,transfermarkt.com,6493179,,800,472
Atalanta BC,Francesco Rossi,35,Goalkeeper,Retired,-,out,Summer,NA,Serie A,2026,2026/2027,Italy,transfermarkt.com,6523753,,800,
Atalanta BC,Yunus Musah,23,Central Midfield,AC Milan,End of loan 30/06/2026,out,Summer,0,Serie A,2026,2026/2027,Italy,transfermarkt.com,5910304,,800,5
Bologna FC 1909,Mikel Amondarain,21,Central Midfield,Club Estudiantes de La Plata,€10.00m,in,Summer,10,Serie A,2026,2026/2027,Italy,transfermarkt.com,6468330,,1025,288
Bologna FC 1909,Tommaso Pobega,26,Central Midfield,AC Milan,€7.00m,in,Summer,7,Serie A,2026,2026/2027,Italy,transfermarkt.com,6186998,,1025,5
Bologna FC 1909,Rahim Alhassane,24,Left-Back,Real Oviedo,€3.50m,in,Summer,3.5,Serie A,2026,2026/2027,Italy,transfermarkt.com,6442799,,1025,2497
Bologna FC 1909,Artem Dovbyk,29,Centre-Forward,AS Roma,Loan fee:€3.00m,in,Summer,3,Serie A,2026,2026/2027,Italy,transfermarkt.com,6470055,,1025,12
Bologna FC 1909,Luigi Caccavo,22,Centre-Forward,FC Lumezzane,€300Th.,in,Summer,0.3,Serie A,2026,2026/2027,Italy,transfermarkt.com,6392739,,1025,4103
Bologna FC 1909,Roberto Piccoli,25,Centre-Forward,ACF Fiorentina,loan transfer,in,Summer,0,Serie A,2026,2026/2027,Italy,transfermarkt.com,6501819,,1025,430
Bologna FC 1909,Riccardo Stivanello,22,Centre-Back,FC Lumezzane,End of loan 30/06/2026,in,Summer,0,Serie A,2026,2026/2027,Italy,transfermarkt.com,6090842,,1025,4103
Bologna FC 1909,Niklas Pyyhtiä,22,Central Midfield,Modena FC,End of loan 30/06/2026,in,Summer,0,Serie A,2026,2026/2027,Italy,transfermarkt.com,5784198,,1025,1385
Bologna FC 1909,Davide Franzini,21,Goalkeeper,AC Bra,End of loan 30/06/2026,in,Summer,0,Serie A,2026,2026/2027,Italy,transfermarkt.com,5788866,,1025,38322
Bologna FC 1909,Manuel Rosetti,21,Central Midfield,AC Carpi,End of loan 30/06/2026,in,Summer,0,Serie A,2026,2026/2027,Italy,transfermarkt.com,5803124,,1025,4102
Bologna FC 1909,Tommaso Ebone,20,Centre-Forward,AC Trento,End of loan 30/06/2026,in,Summer,0,Serie A,2026,2026/2027,Italy,transfermarkt.com,5805150,,1025,4095
Bologna FC 1909,Mattia Motolese,22,Centre-Back,Aurora Pro Patria,End of loan 30/06/2026,in,Summer,0,Serie A,2026,2026/2027,Italy,transfermarkt.com,5826527,,1025,4146
Bologna FC 1909,Oussama El Azzouzi,25,Defensive Midfield,AJ Auxerre,End of loan 30/06/2026,in,Summer,0,Serie A,2026,2026/2027,Italy,transfermarkt.com,5827389,,1025,290
Bologna FC 1909,Michel Aebischer,29,Central Midfield,Pisa Sporting Club,End of loan 30/06/2026,in,Summer,0,Serie A,2026,2026/2027,Italy,transfermarkt.com,5833035,,1025,4172
Bologna FC 1909,Orji Okwonkwo,28,Centre-Forward,Delfino Pescara 1936,End of loan 30/06/2026,in,Summer,0,Serie A,2026,2026/2027,Italy,transfermarkt.com,5910473,,1025,2921
Bologna FC 1909,Mihajlo Ilić,23,Centre-Back,RSC Anderlecht,End of loan 30/06/2026,in,Summer,0,Serie A,2026,2026/2027,Italy,transfermarkt.com,5929101,,1025,58
Bologna FC 1909,Lorenzo Menegazzo,20,Central Midfield,Calcio Foggia 1920,End of loan 30/06/2026,in,Summer,0,Serie A,2026,2026/2027,Italy,transfermarkt.com,6104748,,1025,704
Bologna FC 1909,Elia Barbaro,19,Defensive Midfield,Nocerina Calcio,End of loan 30/06/2026,in,Summer,0,Serie A,2026,2026/2027,Italy,transfermarkt.com,6114544,,1025,4114
Bologna FC 1909,Giovanni Fabbian,23,Attacking Midfield,ACF Fiorentina,End of loan 30/06/2026,in,Summer,0,Serie A,2026,2026/2027,Italy,transfermarkt.com,6135082,,1025,430
Bologna FC 1909,Jesper Karlsson,27,Left Winger,FC Utrecht,End of loan 30/06/2026,in,Summer,0,Serie A,2026,2026/2027,Italy,transfermarkt.com,6138916,,1025,200
Bologna FC 1909,Tommaso Corazza,22,Left Midfield,Cesena FC,End of loan 30/06/2026,in,Summer,0,Serie A,2026,2026/2027,Italy,transfermarkt.com,6160721,,1025,1429
Bologna FC 1909,Emil Holm,26,Right-Back,Juventus FC,End of loan 30/06/2026,in,Summer,0,Serie A,2026,2026/2027,Italy,transfermarkt.com,6161312,,1025,506
Bologna FC 1909,Wisdom Amey,20,Centre-Back,US Pianese,End of loan 30/06/2026,in,Summer,0,Serie A,2026,2026/2027,Italy,transfermarkt.com,5780197,,1025,34499
Bologna FC 1909,Santiago Castro,21,Centre-Forward,AS Roma,€36.00m,out,Summer,36,Serie A,2026,2026/2027,Italy,transfermarkt.com,6469978,,1025,12
Bologna FC 1909,Jhon Lucumí,28,Centre-Back,Juventus FC,€20.10m,out,Summer,20.1,Serie A,2026,2026/2027,Italy,transfermarkt.com,6510539,,1025,506
Bologna FC 1909,Giovanni Fabbian,23,Attacking Midfield,ACF Fiorentina,€13.00m,out,Summer,13,Serie A,2026,2026/2027,Italy,transfermarkt.com,6304507,,1025,430
Bologna FC 1909,Federico Ravaglia,26,Goalkeeper,Watford FC,€7.00m,out,Summer,7,Serie A,2026,2026/2027,Italy,transfermarkt.com,6473087,,1025,1010
Bologna FC 1909,Michel Aebischer,29,Central Midfield,Pisa Sporting Club,€4.50m,out,Summer,4.5,Serie A,2026,2026/2027,Italy,transfermarkt.com,6190164,,1025,4172
Bologna FC 1909,Thijs Dallinga,26,Centre-Forward,1.FC Köln,Loan fee:€1.00m,out,Summer,1,Serie A,2026,2026/2027,Italy,transfermarkt.com,6512454,,1025,3
Bologna FC 1909,Remo Freuler,34,Central Midfield,Olympiacos Piraeus,free transfer,out,Summer,0,Serie A,2026,2026/2027,Italy,transfermarkt.com,6510813,,1025,683
Bologna FC 1909,Charalabos Lykogiannis,32,Left-Back,AEK Athens,free transfer,out,Summer,0,Serie A,2026,2026/2027,Italy,transfermarkt.com,6522430,,1025,2441
Bologna FC 1909,Giuseppe Battimelli,21,Centre-Forward,Calcio Lecco 1912,free transfer,out,Summer,0,Serie A,2026,2026/2027,Italy,transfermarkt.com,6427616,,1025,5514
Bologna FC 1909,Manuel Rosetti,21,Central Midfield,Forlì FC,?,out,Summer,NA,Serie A,2026,2026/2027,Italy,transfermarkt.com,6435792,,1025,9816
Bologna FC 1909,Mattia Motolese,22,Centre-Back,Virtus Entella,?,out,Summer,NA,Serie A,2026,2026/2027,Italy,transfermarkt.com,6430178,,1025,20519
Bologna FC 1909,Dimitar Papazov,20,Left-Back,AC Perugia Calcio,loan transfer,out,Summer,0,Serie A,2026,2026/2027,Italy,transfermarkt.com,6490281,,1025,839
Bologna FC 1909,Benja Domínguez,22,Left Winger,US Sassuolo,loan transfer,out,Summer,0,Serie A,2026,2026/2027,Italy,transfermarkt.com,6495699,,1025,6574
Bologna FC 1909,Luigi Caccavo,22,Centre-Forward,SS Juve Stabia,loan transfer,out,Summer,0,Serie A,2026,2026/2027,Italy,transfermarkt.com,6435879,,1025,5587
Bologna FC 1909,Lorenzo Menegazzo,21,Central Midfield,FC Lumezzane,loan transfer,out,Summer,0,Serie A,2026,2026/2027,Italy,transfermarkt.com,6434209,,1025,4103
Bologna FC 1909,Niklas Pyyhtiä,22,Central Midfield,FC Südtirol,loan transfer,out,Summer,0,Serie A,2026,2026/2027,Italy,transfermarkt.com,6432296,,1025,4554
Bologna FC 1909,Riccardo Stivanello,22,Centre-Back,FC Südtirol,loan transfer,out,Summer,0,Serie A,2026,2026/2027,Italy,transfermarkt.com,6432197,,1025,4554
Bologna FC 1909,Mihajlo Ilić,23,Centre-Back,Cesena FC,loan transfer,out,Summer,0,Serie A,2026,2026/2027,Italy,transfermarkt.com,6505371,,1025,1429
Bologna FC 1909,Tommaso Ebone,20,Centre-Forward,FC Lumezzane,loan transfer,out,Summer,0,Serie A,2026,2026/2027,Italy,transfermarkt.com,6428243,,1025,4103
Bologna FC 1909,Wisdom Amey,20,Centre-Back,Frosinone Calcio,loan transfer,out,Summer,0,Serie A,2026,2026/2027,Italy,transfermarkt.com,6409812,,1025,8970
Bologna FC 1909,Tommaso Corazza,22,Left Midfield,LR Vicenza,loan transfer,out,Summer,0,Serie A,2026,2026/2027,Italy,transfermarkt.com,6368002,,1025,2655
Bologna FC 1909,Kevin Bonifazi,30,Centre-Back,Without Club,-,out,Summer,NA,Serie A,2026,2026/2027,Italy,transfermarkt.com,6198111,,1025,515
Bologna FC 1909,Orji Okwonkwo,28,Centre-Forward,Without Club,-,out,Summer,NA,Serie A,2026,2026/2027,Italy,transfermarkt.com,6389417,,1025,515
Bologna FC 1909,Tommaso Pobega,26,Central Midfield,AC Milan,End of loan 30/06/2026,out,Summer,0,Serie A,2026,2026/2027,Italy,transfermarkt.com,5800645,,1025,5
Bologna FC 1909,Simon Sohm,25,Central Midfield,ACF Fiorentina,End of loan 30/06/2026,out,Summer,0,Serie A,2026,2026/2027,Italy,transfermarkt.com,6137380,,1025,430
Bologna FC 1909,João Mário,26,Right-Back,Juventus FC,End of loan 30/06/2026,out,Summer,0,Serie A,2026,2026/2027,Italy,transfermarkt.com,6161322,,1025,506
SS Lazio,Boulaye Dia,29,Centre-Forward,US Salernitana 1919,€11.30m,in,Summer,11.3,Serie A,2026,2026/2027,Italy,transfermarkt.com,6342947,,398,380
SS Lazio,Davide Frattesi,26,Central Midfield,Inter Milan,Loan fee:€5.00m,in,Summer,5,Serie A,2026,2026/2027,Italy,transfermarkt.com,6505675,,398,46
SS Lazio,Andrea Pinamonti,27,Centre-Forward,US Sassuolo,€3.00m,in,Summer,3,Serie A,2026,2026/2027,Italy,transfermarkt.com,6538890,,398,6574
SS Lazio,Josip Sutalo,26,Centre-Back,Ajax Amsterdam,Loan fee:€3.00m,in,Summer,3,Serie A,2026,2026/2027,Italy,transfermarkt.com,6526561,,398,610
SS Lazio,Danilho Doekhi,28,Centre-Back,1.FC Union Berlin,free transfer,in,Summer,0,Serie A,2026,2026/2027,Italy,transfermarkt.com,6427263,,398,89
SS Lazio,Alfonso Pedraza,30,Left-Back,Villarreal CF,free transfer,in,Summer,0,Serie A,2026,2026/2027,Italy,transfermarkt.com,6171258,,398,1050
SS Lazio,Bruno Galassi,19,Central Midfield,Real Madrid C,?,in,Summer,NA,Serie A,2026,2026/2027,Italy,transfermarkt.com,6435168,,398,92878
SS Lazio,Pietro Pinelli,20,Defensive Midfield,AC Reggiana 1919,End of loan 30/06/2026,in,Summer,0,Serie A,2026,2026/2027,Italy,transfermarkt.com,6148341,,398,5621
SS Lazio,Christos Mandas,24,Goalkeeper,AFC Bournemouth,End of loan 30/06/2026,in,Summer,0,Serie A,2026,2026/2027,Italy,transfermarkt.com,6145615,,398,989
SS Lazio,Leonardo Di Tommaso,21,Central Midfield,Audace Cerignola,End of loan 30/06/2026,in,Summer,0,Serie A,2026,2026/2027,Italy,transfermarkt.com,6107663,,398,22249
SS Lazio,Mohamed Fares,30,Left-Back,Forte Virtus,End of loan 30/06/2026,in,Summer,0,Serie A,2026,2026/2027,Italy,transfermarkt.com,5968054,,398,90721
SS Lazio,Davide Renzetti,20,Goalkeeper,AC Bra,End of loan 30/06/2026,in,Summer,0,Serie A,2026,2026/2027,Italy,transfermarkt.com,5846343,,398,38322
SS Lazio,Romano Floriani Mussolini,23,Right-Back,US Cremonese,End of loan 30/06/2026,in,Summer,0,Serie A,2026,2026/2027,Italy,transfermarkt.com,5777927,,398,2239
SS Lazio,Gabriele Artistico,23,Centre-Forward,Spezia Calcio,End of loan 30/06/2026,in,Summer,0,Serie A,2026,2026/2027,Italy,transfermarkt.com,5771407,,398,3522
SS Lazio,Filipe Bordon,21,Centre-Back,FC Südtirol,End of loan 30/06/2026,in,Summer,0,Serie A,2026,2026/2027,Italy,transfermarkt.com,5766844,,398,4554
SS Lazio,Alessandro Milani,21,Left-Back,US Avellino 1912,End of loan 30/06/2026,in,Summer,0,Serie A,2026,2026/2027,Italy,transfermarkt.com,5749425,,398,2331
SS Lazio,Mario Gila,25,Centre-Back,AC Milan,€30.00m,out,Summer,30,Serie A,2026,2026/2027,Italy,transfermarkt.com,6418058,,398,5
SS Lazio,Gabriele Artistico,24,Centre-Forward,Calcio Padova,€3.00m,out,Summer,3,Serie A,2026,2026/2027,Italy,transfermarkt.com,6540501,,398,3037
SS Lazio,Ivan Provedel,32,Goalkeeper,Inter Milan,€3.00m,out,Summer,3,Serie A,2026,2026/2027,Italy,transfermarkt.com,6412784,,398,46
SS Lazio,Toma Bašić,29,Central Midfield,Venezia FC,free transfer,out,Summer,0,Serie A,2026,2026/2027,Italy,transfermarkt.com,6327503,,398,607
SS Lazio,Alessandro Milani,21,Left-Back,Inter U23,?,out,Summer,NA,Serie A,2026,2026/2027,Italy,transfermarkt.com,6453723,,398,41119
SS Lazio,Pietro Pinelli,20,Defensive Midfield,Carrarese Calcio 1908,loan transfer,out,Summer,0,Serie A,2026,2026/2027,Italy,transfermarkt.com,6414631,,398,4159
SS Lazio,Elseid Hysaj,32,Right-Back,Without Club,-,out,Summer,NA,Serie A,2026,2026/2027,Italy,transfermarkt.com,6323716,,398,515
SS Lazio,Pedro,38,Right Winger,Without Club,-,out,Summer,NA,Serie A,2026,2026/2027,Italy,transfermarkt.com,6319758,,398,515
SS Lazio,Boulaye Dia,29,Centre-Forward,US Salernitana 1919,End of loan 30/06/2026,out,Summer,0,Serie A,2026,2026/2027,Italy,transfermarkt.com,5201985,,398,380
SS Lazio,Daniel Maldini,24,Attacking Midfield,Atalanta BC,End of loan 30/06/2026,out,Summer,0,Serie A,2026,2026/2027,Italy,transfermarkt.com,6146132,,398,800
SS Lazio,Davide Frattesi,27,Central Midfield,Inter Milan,End of loan 30/06/2027,out,Summer,0,Serie A,2026,2026/2027,Italy,transfermarkt.com,6505676,,398,46
Udinese Calcio,Idrissa Gueye,19,Centre-Forward,FC Metz,€6.00m,in,Summer,6,Serie A,2026,2026/2027,Italy,transfermarkt.com,6305552,,410,347
Udinese Calcio,Alessandro Zanoli,25,Right-Back,SSC Napoli,€5.00m,in,Summer,5,Serie A,2026,2026/2027,Italy,transfermarkt.com,6362239,,410,6195
Udinese Calcio,Nicolò Zaniolo,26,Second Striker,Galatasaray,€5.00m,in,Summer,5,Serie A,2026,2026/2027,Italy,transfermarkt.com,6361532,,410,141
Udinese Calcio,Unai Gómez,23,Attacking Midfield,Athletic Bilbao,€4.50m,in,Summer,4.5,Serie A,2026,2026/2027,Italy,transfermarkt.com,6411481,,410,621
Udinese Calcio,Giorgi Chakvetadze,26,Attacking Midfield,Watford FC,€2.55m,in,Summer,2.55,Serie A,2026,2026/2027,Italy,transfermarkt.com,6405842,,410,1010
Udinese Calcio,Mërgim Vojvoda,31,Right-Back,Como 1907,€1.50m,in,Summer,1.5,Serie A,2026,2026/2027,Italy,transfermarkt.com,6437713,,410,1047
Udinese Calcio,Omar Traoré,28,Right-Back,1.FC Heidenheim 1846,free transfer,in,Summer,0,Serie A,2026,2026/2027,Italy,transfermarkt.com,6391015,,410,2036
Udinese Calcio,James Abankwah,22,Centre-Back,Watford FC,End of loan 30/06/2026,in,Summer,0,Serie A,2026,2026/2027,Italy,transfermarkt.com,5458251,,410,1010
Udinese Calcio,Luca Kjerrumgaard,23,Centre-Forward,Watford FC,End of loan 30/06/2026,in,Summer,0,Serie A,2026,2026/2027,Italy,transfermarkt.com,5784783,,410,1010
Udinese Calcio,Edoardo Piana,22,Goalkeeper,SS Monopoli 1966,End of loan 30/06/2026,in,Summer,0,Serie A,2026,2026/2027,Italy,transfermarkt.com,5788173,,410,33734
Udinese Calcio,Martín Payero,27,Central Midfield,US Cremonese,End of loan 30/06/2026,in,Summer,0,Serie A,2026,2026/2027,Italy,transfermarkt.com,5884859,,410,2239
Udinese Calcio,Simone Pafundi,20,Attacking Midfield,UC Sampdoria,End of loan 30/06/2026,in,Summer,0,Serie A,2026,2026/2027,Italy,transfermarkt.com,5885322,,410,1038
Udinese Calcio,David Pejičić,19,Attacking Midfield,NK Maribor,End of loan 30/06/2026,in,Summer,0,Serie A,2026,2026/2027,Italy,transfermarkt.com,5925641,,410,790
Udinese Calcio,Matteo Palma,18,Centre-Back,UC Sampdoria,End of loan 30/06/2026,in,Summer,0,Serie A,2026,2026/2027,Italy,transfermarkt.com,6118107,,410,1038
Udinese Calcio,Iker Bravo,21,Centre-Forward,UD Las Palmas,End of loan 30/06/2026,in,Summer,0,Serie A,2026,2026/2027,Italy,transfermarkt.com,6119955,,410,472
Udinese Calcio,Sandi Lovrić,28,Central Midfield,Hellas Verona,End of loan 30/06/2026,in,Summer,0,Serie A,2026,2026/2027,Italy,transfermarkt.com,6152552,,410,276
Udinese Calcio,Leonardo Buta,24,Left-Back,Rio Ave FC,End of loan 30/06/2026,in,Summer,0,Serie A,2026,2026/2027,Italy,transfermarkt.com,6162042,,410,2425
Udinese Calcio,Enzo Ebosse,27,Centre-Back,Torino FC,End of loan 30/06/2026,in,Summer,0,Serie A,2026,2026/2027,Italy,transfermarkt.com,6162456,,410,416
Udinese Calcio,Saba Goglichidze,22,Centre-Back,Watford FC,End of loan 30/06/2026,in,Summer,0,Serie A,2026,2026/2027,Italy,transfermarkt.com,6163438,,410,1010
Udinese Calcio,Rui Modesto,26,Right Midfield,Palermo FC,End of loan 30/06/2026,in,Summer,0,Serie A,2026,2026/2027,Italy,transfermarkt.com,6163549,,410,458
Udinese Calcio,Arthur Atta,23,Central Midfield,ACF Fiorentina,€25.00m,out,Summer,25,Serie A,2026,2026/2027,Italy,transfermarkt.com,6420311,,410,430
Udinese Calcio,Martín Payero,27,Central Midfield,Watford FC,€4.00m,out,Summer,4,Serie A,2026,2026/2027,Italy,transfermarkt.com,6473972,,410,1010
Udinese Calcio,Iker Bravo,21,Centre-Forward,Watford FC,€3.80m,out,Summer,3.8,Serie A,2026,2026/2027,Italy,transfermarkt.com,6453724,,410,1010
Udinese Calcio,Răzvan Sava,24,Goalkeeper,Universitatea Craiova,€2.50m,out,Summer,2.5,Serie A,2026,2026/2027,Italy,transfermarkt.com,6369904,,410,40812
Udinese Calcio,Damián Pizarro,21,Centre-Forward,Audax Italiano,loan transfer,out,Summer,0,Serie A,2026,2026/2027,Italy,transfermarkt.com,6467959,,410,6363
Udinese Calcio,Omar Traoré,28,Right-Back,Watford FC,?,out,Summer,NA,Serie A,2026,2026/2027,Italy,transfermarkt.com,6432917,,410,1010
Udinese Calcio,Luca Kjerrumgaard,23,Centre-Forward,Watford FC,?,out,Summer,NA,Serie A,2026,2026/2027,Italy,transfermarkt.com,6454015,,410,1010
Udinese Calcio,Leonardo Buta,24,Left-Back,Red Star FC,?,out,Summer,NA,Serie A,2026,2026/2027,Italy,transfermarkt.com,6517818,,410,1154
Udinese Calcio,Adam Buksa,30,Centre-Forward,RCD Mallorca,loan transfer,out,Summer,0,Serie A,2026,2026/2027,Italy,transfermarkt.com,6527744,,410,237
Udinese Calcio,Simone Pafundi,20,Attacking Midfield,US Catanzaro,loan transfer,out,Summer,0,Serie A,2026,2026/2027,Italy,transfermarkt.com,6473843,,410,4097
Udinese Calcio,Jordan Zemura,26,Left-Back,Watford FC,loan transfer,out,Summer,0,Serie A,2026,2026/2027,Italy,transfermarkt.com,6478071,,410,1010
Udinese Calcio,Thomas Kristensen,24,Centre-Back,Atalanta BC,loan transfer,out,Summer,0,Serie A,2026,2026/2027,Italy,transfermarkt.com,6501836,,410,800
Udinese Calcio,Abdoulaye Camara,17,Defensive Midfield,Ajax Amsterdam U21,loan transfer,out,Summer,0,Serie A,2026,2026/2027,Italy,transfermarkt.com,6526661,,410,8817
Udinese Calcio,Alessandro Nunziante,19,Goalkeeper,SS Arezzo,loan transfer,out,Summer,0,Serie A,2026,2026/2027,Italy,transfermarkt.com,6372476,,410,4255
Udinese Calcio,Kingsley Ehizibue,31,Right-Back,Without Club,-,out,Summer,NA,Serie A,2026,2026/2027,Italy,transfermarkt.com,6387906,,410,515
Udinese Calcio,Alessandro Zanoli,25,Right-Back,SSC Napoli,End of loan 30/06/2026,out,Summer,0,Serie A,2026,2026/2027,Italy,transfermarkt.com,5910385,,410,6195
Udinese Calcio,Idrissa Gueye,19,Centre-Forward,FC Metz,End of loan 30/06/2026,out,Summer,0,Serie A,2026,2026/2027,Italy,transfermarkt.com,5910934,,410,347
Udinese Calcio,Nicolò Zaniolo,26,Second Striker,Galatasaray,End of loan 30/06/2026,out,Summer,0,Serie A,2026,2026/2027,Italy,transfermarkt.com,5911092,,410,141
US Sassuolo,Arijanet Murić,27,Goalkeeper,Ipswich Town,€7.00m,in,Summer,7,Serie A,2026,2026/2027,Italy,transfermarkt.com,6333134,,6574,677
US Sassuolo,Sebastian Walukiewicz,26,Right-Back,Torino FC,€5.00m,in,Summer,5,Serie A,2026,2026/2027,Italy,transfermarkt.com,6365079,,6574,416
US Sassuolo,Vasilije Adžić,20,Attacking Midfield,Juventus FC,Loan fee:€500Th.,in,Summer,0.5,Serie A,2026,2026/2027,Italy,transfermarkt.com,6481720,,6574,506
US Sassuolo,Kieron Bowie,23,Centre-Forward,Hellas Verona,loan transfer,in,Summer,0,Serie A,2026,2026/2027,Italy,transfermarkt.com,6474052,,6574,276
US Sassuolo,Benja Domínguez,22,Left Winger,Bologna FC 1909,loan transfer,in,Summer,0,Serie A,2026,2026/2027,Italy,transfermarkt.com,6495699,,6574,1025
US Sassuolo,Rafa Obrador,22,Left-Back,SL Benfica,loan transfer,in,Summer,0,Serie A,2026,2026/2027,Italy,transfermarkt.com,6505374,,6574,294
US Sassuolo,Fedde Leysen,23,Centre-Back,Union Saint-Gilloise,loan transfer,in,Summer,0,Serie A,2026,2026/2027,Italy,transfermarkt.com,6524941,,6574,3948
US Sassuolo,Flavio Russo,21,Centre-Forward,Delfino Pescara 1936,End of loan 30/06/2026,in,Summer,0,Serie A,2026,2026/2027,Italy,transfermarkt.com,6163127,,6574,2921
US Sassuolo,Nicholas Pierini,27,Right Winger,UC Sampdoria,End of loan 30/06/2026,in,Summer,0,Serie A,2026,2026/2027,Italy,transfermarkt.com,6162977,,6574,1038
US Sassuolo,Borna Knezovic,20,Attacking Midfield,FC Trapani 1905,End of loan 30/06/2026,in,Summer,0,Serie A,2026,2026/2027,Italy,transfermarkt.com,6162915,,6574,4331
US Sassuolo,Luca D'Andrea,21,Right Winger,US Avellino 1912,End of loan 30/06/2026,in,Summer,0,Serie A,2026,2026/2027,Italy,transfermarkt.com,5762500,,6574,2331
US Sassuolo,Justin Kumi,21,Central Midfield,US Avellino 1912,End of loan 30/06/2026,in,Summer,0,Serie A,2026,2026/2027,Italy,transfermarkt.com,5762502,,6574,2331
US Sassuolo,Kevin Bruno,21,Attacking Midfield,FC Crotone,End of loan 30/06/2026,in,Summer,0,Serie A,2026,2026/2027,Italy,transfermarkt.com,5781038,,6574,4083
US Sassuolo,Janis Antiste,23,Centre-Forward,Rapid Vienna,End of loan 30/06/2026,in,Summer,0,Serie A,2026,2026/2027,Italy,transfermarkt.com,5787243,,6574,170
US Sassuolo,Francesco Corradini,21,Centre-Back,US Città di Pontedera,End of loan 30/06/2026,in,Summer,0,Serie A,2026,2026/2027,Italy,transfermarkt.com,5788169,,6574,14888
US Sassuolo,Patrick Nuamah,20,Left Winger,US Catanzaro,End of loan 30/06/2026,in,Summer,0,Serie A,2026,2026/2027,Italy,transfermarkt.com,5794223,,6574,4097
US Sassuolo,Simone Cinquegrano,22,Right Midfield,Inter U23,End of loan 30/06/2026,in,Summer,0,Serie A,2026,2026/2027,Italy,transfermarkt.com,5823120,,6574,41119
US Sassuolo,Kevin Leone,21,Central Midfield,Casertana FC,End of loan 30/06/2026,in,Summer,0,Serie A,2026,2026/2027,Italy,transfermarkt.com,5823130,,6574,4106
US Sassuolo,Riccardo Ciervo,24,Left Winger,Cesena FC,End of loan 30/06/2026,in,Summer,0,Serie A,2026,2026/2027,Italy,transfermarkt.com,5839559,,6574,1429
US Sassuolo,Kevin Miranda,23,Centre-Back,AC Trento,End of loan 30/06/2026,in,Summer,0,Serie A,2026,2026/2027,Italy,transfermarkt.com,5857514,,6574,4095
US Sassuolo,Alessandro Di Bitonto,20,Centre-Back,AS Gubbio 1910,End of loan 30/06/2026,in,Summer,0,Serie A,2026,2026/2027,Italy,transfermarkt.com,5748974,,6574,4326
US Sassuolo,Ruan,27,Centre-Back,Clube Atlético Mineiro,End of loan 30/06/2026,in,Summer,0,Serie A,2026,2026/2027,Italy,transfermarkt.com,5893642,,6574,330
US Sassuolo,Samuele Mulattieri,25,Centre-Forward,Deportivo A Coruña,End of loan 30/06/2026,in,Summer,0,Serie A,2026,2026/2027,Italy,transfermarkt.com,5896282,,6574,897
US Sassuolo,Agustín Álvarez,25,Centre-Forward,AC Monza,End of loan 30/06/2026,in,Summer,0,Serie A,2026,2026/2027,Italy,transfermarkt.com,5897193,,6574,2919
US Sassuolo,Filippo Missori,22,Right-Back,US Avellino 1912,End of loan 30/06/2026,in,Summer,0,Serie A,2026,2026/2027,Italy,transfermarkt.com,5901007,,6574,2331
US Sassuolo,Andrea Ghion,26,Defensive Midfield,FC Empoli,End of loan 30/06/2026,in,Summer,0,Serie A,2026,2026/2027,Italy,transfermarkt.com,5908896,,6574,749
US Sassuolo,Fabrizio Caligara,26,Central Midfield,Delfino Pescara 1936,End of loan 30/06/2026,in,Summer,0,Serie A,2026,2026/2027,Italy,transfermarkt.com,5910509,,6574,2921
US Sassuolo,Alessandro Russo,25,Goalkeeper,Audace Cerignola,End of loan 30/06/2026,in,Summer,0,Serie A,2026,2026/2027,Italy,transfermarkt.com,6139065,,6574,22249
US Sassuolo,Yeferson Paz,24,Right-Back,AC Reggiana 1919,End of loan 30/06/2026,in,Summer,0,Serie A,2026,2026/2027,Italy,transfermarkt.com,6158429,,6574,5621
US Sassuolo,Laurs Skjellerup,23,Centre-Forward,Spezia Calcio,End of loan 30/06/2026,in,Summer,0,Serie A,2026,2026/2027,Italy,transfermarkt.com,6161297,,6574,3522
US Sassuolo,Cas Odenthal,25,Centre-Back,SSC Bari,End of loan 30/06/2026,in,Summer,0,Serie A,2026,2026/2027,Italy,transfermarkt.com,6162270,,6574,332
US Sassuolo,Tarik Muharemović,23,Centre-Back,Leeds United,€37.00m,out,Summer,37,Serie A,2026,2026/2027,Italy,transfermarkt.com,6435379,,6574,399
US Sassuolo,Ruan,27,Centre-Back,Clube Atlético Mineiro,€3.50m,out,Summer,3.5,Serie A,2026,2026/2027,Italy,transfermarkt.com,6365081,,6574,330
US Sassuolo,Andrea Pinamonti,27,Centre-Forward,SS Lazio,€3.00m,out,Summer,3,Serie A,2026,2026/2027,Italy,transfermarkt.com,6538890,,6574,398
US Sassuolo,Gioele Zacchi,23,Goalkeeper,Union Brescia,loan transfer,out,Summer,0,Serie A,2026,2026/2027,Italy,transfermarkt.com,6491048,,6574,132806
US Sassuolo,Luca Moro,25,Centre-Forward,Calcio Padova,?,out,Summer,NA,Serie A,2026,2026/2027,Italy,transfermarkt.com,6523696,,6574,3037
US Sassuolo,Emerick Lopes,21,Defensive Midfield,Alcione Milano,?,out,Summer,NA,Serie A,2026,2026/2027,Italy,transfermarkt.com,6429945,,6574,52687
US Sassuolo,Borna Knezovic,20,Attacking Midfield,Casarano Calcio,?,out,Summer,NA,Serie A,2026,2026/2027,Italy,transfermarkt.com,6445393,,6574,6089
US Sassuolo,Samuele Mulattieri,25,Centre-Forward,Hellas Verona,loan transfer,out,Summer,0,Serie A,2026,2026/2027,Italy,transfermarkt.com,6474082,,6574,276
US Sassuolo,Kevin Bruno,21,Attacking Midfield,FC Vado,loan transfer,out,Summer,0,Serie A,2026,2026/2027,Italy,transfermarkt.com,6451416,,6574,11483
US Sassuolo,Francesco Corradini,21,Centre-Back,Pineto Calcio,loan transfer,out,Summer,0,Serie A,2026,2026/2027,Italy,transfermarkt.com,6462614,,6574,46337
US Sassuolo,Kevin Leone,21,Central Midfield,SS Arezzo,loan transfer,out,Summer,0,Serie A,2026,2026/2027,Italy,transfermarkt.com,6487855,,6574,4255
US Sassuolo,Justin Kumi,22,Central Midfield,SS Juve Stabia,loan transfer,out,Summer,0,Serie A,2026,2026/2027,Italy,transfermarkt.com,6495648,,6574,5587
US Sassuolo,Flavio Russo,21,Centre-Forward,Catania FC,loan transfer,out,Summer,0,Serie A,2026,2026/2027,Italy,transfermarkt.com,6503260,,6574,1627
US Sassuolo,Agustín Álvarez,25,Centre-Forward,CA Talleres,loan transfer,out,Summer,0,Serie A,2026,2026/2027,Italy,transfermarkt.com,6505749,,6574,3938
US Sassuolo,Janis Antiste,23,Centre-Forward,Górnik Zabrze,loan transfer,out,Summer,0,Serie A,2026,2026/2027,Italy,transfermarkt.com,6506454,,6574,428
US Sassuolo,Luca D'Andrea,21,Right Winger,Cesena FC,loan transfer,out,Summer,0,Serie A,2026,2026/2027,Italy,transfermarkt.com,6515513,,6574,1429
US Sassuolo,Filippo Romagna,29,Centre-Back,Without Club,-,out,Summer,NA,Serie A,2026,2026/2027,Italy,transfermarkt.com,6387763,,6574,515
US Sassuolo,Pedro Felipe,22,Centre-Back,Juventus Next Gen,End of loan 30/06/2026,out,Summer,0,Serie A,2026,2026/2027,Italy,transfermarkt.com,6162558,,6574,41101
US Sassuolo,Aster Vranckx,23,Central Midfield,VfL Wolfsburg,End of loan 30/06/2026,out,Summer,0,Serie A,2026,2026/2027,Italy,transfermarkt.com,5885688,,6574,82
US Sassuolo,Sebastian Walukiewicz,26,Right-Back,Torino FC,End of loan 30/06/2026,out,Summer,0,Serie A,2026,2026/2027,Italy,transfermarkt.com,5811355,,6574,416
US Sassuolo,Alieu Fadera,24,Left Winger,Como 1907,End of loan 30/06/2026,out,Summer,0,Serie A,2026,2026/2027,Italy,transfermarkt.com,5818053,,6574,1047
US Sassuolo,Arijanet Murić,27,Goalkeeper,Ipswich Town,End of loan 30/06/2026,out,Summer,0,Serie A,2026,2026/2027,Italy,transfermarkt.com,5859125,,6574,677
US Sassuolo,Woyo Coulibaly,27,Right-Back,Leicester City,End of loan 30/06/2026,out,Summer,0,Serie A,2026,2026/2027,Italy,transfermarkt.com,5911008,,6574,1003
US Sassuolo,M'Bala Nzola,29,Centre-Forward,ACF Fiorentina,End of loan 30/06/2026,out,Summer,0,Serie A,2026,2026/2027,Italy,transfermarkt.com,6155689,,6574,430
US Sassuolo,Ulisses Garcia,30,Left-Back,Olympique Marseille,End of loan 30/06/2026,out,Summer,0,Serie A,2026,2026/2027,Italy,transfermarkt.com,6162497,,6574,244
Torino FC,Giovanni Simeone,30,Centre-Forward,SSC Napoli,€7.20m,in,Summer,7.2,Serie A,2026,2026/2027,Italy,transfermarkt.com,6175353,,416,6195
Torino FC,Tino Anjorin,24,Central Midfield,FC Empoli,€4.50m,in,Summer,4.5,Serie A,2026,2026/2027,Italy,transfermarkt.com,6288122,,416,749
Torino FC,Sandro Kulenović,26,Centre-Forward,GNK Dinamo Zagreb,€3.00m,in,Summer,3,Serie A,2026,2026/2027,Italy,transfermarkt.com,6288124,,416,419
Torino FC,Kian Fitz-Jim,23,Central Midfield,Ajax Amsterdam,€2.50m,in,Summer,2.5,Serie A,2026,2026/2027,Italy,transfermarkt.com,6472751,,416,610
Torino FC,Diego Mascardi,19,Goalkeeper,Spezia Calcio,€1.60m,in,Summer,1.6,Serie A,2026,2026/2027,Italy,transfermarkt.com,6433129,,416,3522
Torino FC,Niccolò Fortini,20,Left-Back,ACF Fiorentina,Loan fee:€1.50m,in,Summer,1.5,Serie A,2026,2026/2027,Italy,transfermarkt.com,6523459,,416,430
Torino FC,Pietro Comuzzo,21,Centre-Back,ACF Fiorentina,Loan fee:€1.00m,in,Summer,1,Serie A,2026,2026/2027,Italy,transfermarkt.com,6468060,,416,430
Torino FC,Eray Cömert,28,Centre-Back,Valencia CF,free transfer,in,Summer,0,Serie A,2026,2026/2027,Italy,transfermarkt.com,6468069,,416,1049
Torino FC,Gaetano Oristanio,23,Attacking Midfield,Venezia FC,loan transfer,in,Summer,0,Serie A,2026,2026/2027,Italy,transfermarkt.com,6413749,,416,607
Torino FC,Alessio Cacciamani,19,Left Midfield,SS Juve Stabia,End of loan 30/06/2026,in,Summer,0,Serie A,2026,2026/2027,Italy,transfermarkt.com,5860618,,416,5587
Torino FC,Tommaso Di Marco,22,Central Midfield,Ravenna FC,End of loan 30/06/2026,in,Summer,0,Serie A,2026,2026/2027,Italy,transfermarkt.com,5850879,,416,1105
Torino FC,Nicola Rauti,26,Second Striker,LR Vicenza,End of loan 30/06/2026,in,Summer,0,Serie A,2026,2026/2027,Italy,transfermarkt.com,5134362,,416,2655
Torino FC,Demba Seck,25,Right Winger,FK Partizan Belgrade,End of loan 30/06/2026,in,Summer,0,Serie A,2026,2026/2027,Italy,transfermarkt.com,5733987,,416,669
Torino FC,Alessandro Dellavalle,22,Centre-Back,Modena FC,End of loan 30/06/2026,in,Summer,0,Serie A,2026,2026/2027,Italy,transfermarkt.com,5742376,,416,1385
Torino FC,Jonathan Silva,22,Attacking Midfield,Calcio Padova,End of loan 30/06/2026,in,Summer,0,Serie A,2026,2026/2027,Italy,transfermarkt.com,5749270,,416,3037
Torino FC,Marco Dalla Vecchia,21,Central Midfield,Virtus Entella,End of loan 30/06/2026,in,Summer,0,Serie A,2026,2026/2027,Italy,transfermarkt.com,5762998,,416,20519
Torino FC,Pietro Pellegri,25,Centre-Forward,FC Empoli,End of loan 30/06/2026,in,Summer,0,Serie A,2026,2026/2027,Italy,transfermarkt.com,5764874,,416,749
Torino FC,Jacopo Antolini,22,Left-Back,US Pergolettese 1932,End of loan 30/06/2026,in,Summer,0,Serie A,2026,2026/2027,Italy,transfermarkt.com,5801311,,416,4553
Torino FC,Cristian Padula,21,Centre-Forward,Campobasso FC,End of loan 30/06/2026,in,Summer,0,Serie A,2026,2026/2027,Italy,transfermarkt.com,5806799,,416,18642
Torino FC,Sebastian Walukiewicz,26,Right-Back,US Sassuolo,End of loan 30/06/2026,in,Summer,0,Serie A,2026,2026/2027,Italy,transfermarkt.com,5811355,,416,6574
Torino FC,Vanja Milinković-Savić,29,Goalkeeper,SSC Napoli,End of loan 30/06/2026,in,Summer,0,Serie A,2026,2026/2027,Italy,transfermarkt.com,5813793,,416,6195
Torino FC,Ali Dembélé,22,Right-Back,Mantova 1911,End of loan 30/06/2026,in,Summer,0,Serie A,2026,2026/2027,Italy,transfermarkt.com,6162877,,416,2581
Torino FC,Fabio Desole,20,Centre-Back,Chievo Verona,End of loan 30/06/2026,in,Summer,0,Serie A,2026,2026/2027,Italy,transfermarkt.com,6167569,,416,862
Torino FC,Francesco Dell'Aquila,22,Right Winger,US Città di Pontedera,End of loan 30/06/2026,in,Summer,0,Serie A,2026,2026/2027,Italy,transfermarkt.com,6090453,,416,14888
Torino FC,Côme Bianay Balcot,21,Right-Back,Mantova 1911,End of loan 30/06/2026,in,Summer,0,Serie A,2026,2026/2027,Italy,transfermarkt.com,6118603,,416,2581
Torino FC,Francesco Bochicchio,19,Goalkeeper,GS Arconatese,End of loan 30/06/2027,in,Summer,0,Serie A,2026,2026/2027,Italy,transfermarkt.com,6433935,,416,56801
Torino FC,Matteo Brezzo,21,Goalkeeper,ASD Chisola Calcio,End of loan 30/06/2026,in,Summer,0,Serie A,2026,2026/2027,Italy,transfermarkt.com,6422911,,416,52900
Torino FC,Aaron Ciammaglichella,21,Central Midfield,SS Juve Stabia,End of loan 30/06/2026,in,Summer,0,Serie A,2026,2026/2027,Italy,transfermarkt.com,6162109,,416,5587
Torino FC,Vanja Milinković-Savić,29,Goalkeeper,SSC Napoli,€6.00m,out,Summer,6,Serie A,2026,2026/2027,Italy,transfermarkt.com,6175740,,416,6195
Torino FC,Sebastian Walukiewicz,26,Right-Back,US Sassuolo,€5.00m,out,Summer,5,Serie A,2026,2026/2027,Italy,transfermarkt.com,6365079,,416,6574
Torino FC,Demba Seck,25,Right Winger,FK Partizan Belgrade,€1.40m,out,Summer,1.4,Serie A,2026,2026/2027,Italy,transfermarkt.com,6382925,,416,669
Torino FC,Zanos Savva,20,Right Winger,Olympiakos Nicosia,free transfer,out,Summer,0,Serie A,2026,2026/2027,Italy,transfermarkt.com,6520452,,416,1402
Torino FC,Saba Sazonov,24,Centre-Back,Getafe CF,free transfer,out,Summer,0,Serie A,2026,2026/2027,Italy,transfermarkt.com,6484434,,416,3709
Torino FC,Guillermo Maripán,32,Centre-Back,Sport Club Internacional,free transfer,out,Summer,0,Serie A,2026,2026/2027,Italy,transfermarkt.com,6324407,,416,6600
Torino FC,Valentino Lazaro,30,Right Midfield,Al-Ain FC,free transfer,out,Summer,0,Serie A,2026,2026/2027,Italy,transfermarkt.com,6393428,,416,2150
Torino FC,Nicola Rauti,26,Second Striker,LR Vicenza,?,out,Summer,NA,Serie A,2026,2026/2027,Italy,transfermarkt.com,6233762,,416,2655
Torino FC,Francesco Dell'Aquila,22,Right Winger,Vis Pesaro 1898,?,out,Summer,NA,Serie A,2026,2026/2027,Italy,transfermarkt.com,6442793,,416,7030
Torino FC,Jacopo Antolini,22,Left-Back,US Pergolettese 1932,?,out,Summer,NA,Serie A,2026,2026/2027,Italy,transfermarkt.com,6437388,,416,4553
Torino FC,Fabio Desole,20,Centre-Back,AC Carpi,?,out,Summer,NA,Serie A,2026,2026/2027,Italy,transfermarkt.com,6453593,,416,4102
Torino FC,Sergiu Perciun,20,Attacking Midfield,Ascoli Calcio,loan transfer,out,Summer,0,Serie A,2026,2026/2027,Italy,transfermarkt.com,6415139,,416,408
Torino FC,Ivan Ilić,25,Central Midfield,US Lecce,loan transfer,out,Summer,0,Serie A,2026,2026/2027,Italy,transfermarkt.com,6538561,,416,1005
Torino FC,Jonathan Silva,22,Attacking Midfield,Mantova 1911,loan transfer,out,Summer,0,Serie A,2026,2026/2027,Italy,transfermarkt.com,6368974,,416,2581
Torino FC,Alessandro Dellavalle,22,Centre-Back,Calcio Padova,loan transfer,out,Summer,0,Serie A,2026,2026/2027,Italy,transfermarkt.com,6469636,,416,3037
Torino FC,Matteo Brezzo,21,Goalkeeper,ASD Chisola Calcio,loan transfer,out,Summer,0,Serie A,2026,2026/2027,Italy,transfermarkt.com,6475412,,416,52900
Torino FC,Cristian Padula,21,Centre-Forward,Audace Cerignola,loan transfer,out,Summer,0,Serie A,2026,2026/2027,Italy,transfermarkt.com,6490369,,416,22249
Torino FC,Wisdom Acquah,19,Defensive Midfield,Modena FC,loan transfer,out,Summer,0,Serie A,2026,2026/2027,Italy,transfermarkt.com,6515111,,416,1385
Torino FC,Tommaso Di Marco,23,Central Midfield,Catania FC,loan transfer,out,Summer,0,Serie A,2026,2026/2027,Italy,transfermarkt.com,6522424,,416,1627
Torino FC,Aaron Ciammaglichella,21,Central Midfield,FC Pro Vercelli 1892,loan transfer,out,Summer,0,Serie A,2026,2026/2027,Italy,transfermarkt.com,6524406,,416,26789
Torino FC,Marco Dalla Vecchia,21,Central Midfield,Cesena FC,loan transfer,out,Summer,0,Serie A,2026,2026/2027,Italy,transfermarkt.com,6532843,,416,1429
Torino FC,Adrien Tamèze,32,Defensive Midfield,Without Club,-,out,Summer,NA,Serie A,2026,2026/2027,Italy,transfermarkt.com,6324408,,416,515
Torino FC,Tino Anjorin,24,Central Midfield,FC Empoli,End of loan 30/06/2026,out,Summer,0,Serie A,2026,2026/2027,Italy,transfermarkt.com,5752148,,416,749
Torino FC,Giovanni Simeone,30,Centre-Forward,SSC Napoli,End of loan 30/06/2026,out,Summer,0,Serie A,2026,2026/2027,Italy,transfermarkt.com,5843940,,416,6195
Torino FC,Niels Nkounkou,25,Left-Back,Eintracht Frankfurt,End of loan 30/06/2026,out,Summer,0,Serie A,2026,2026/2027,Italy,transfermarkt.com,5909626,,416,24
Torino FC,Rafa Obrador,22,Left-Back,SL Benfica,End of loan 30/06/2026,out,Summer,0,Serie A,2026,2026/2027,Italy,transfermarkt.com,6131072,,416,294
Torino FC,Matteo Prati,22,Defensive Midfield,Cagliari Calcio,End of loan 30/06/2026,out,Summer,0,Serie A,2026,2026/2027,Italy,transfermarkt.com,6153328,,416,1390
Torino FC,Luca Marianucci,21,Centre-Back,SSC Napoli,End of loan 30/06/2026,out,Summer,0,Serie A,2026,2026/2027,Italy,transfermarkt.com,6154734,,416,6195
Torino FC,Sandro Kulenović,26,Centre-Forward,GNK Dinamo Zagreb,End of loan 30/06/2026,out,Summer,0,Serie A,2026,2026/2027,Italy,transfermarkt.com,6155692,,416,419
Torino FC,Enzo Ebosse,27,Centre-Back,Udinese Calcio,End of loan 30/06/2026,out,Summer,0,Serie A,2026,2026/2027,Italy,transfermarkt.com,6162456,,416,410
Parma Calcio 1913,David Romero,23,Centre-Forward,Club Atlético Tigre,€7.00m,in,Summer,7,Serie A,2026,2026/2027,Italy,transfermarkt.com,6504669,,130,11831
Parma Calcio 1913,Giovanni Daffara,21,Goalkeeper,Juventus Next Gen,€6.00m,in,Summer,6,Serie A,2026,2026/2027,Italy,transfermarkt.com,6393817,,130,41101
Parma Calcio 1913,Hans Nicolussi Caviglia,26,Defensive Midfield,Venezia FC,€6.00m,in,Summer,6,Serie A,2026,2026/2027,Italy,transfermarkt.com,6288119,,130,607
Parma Calcio 1913,Benja Cremaschi,21,Central Midfield,Inter Miami CF,€4.00m,in,Summer,4,Serie A,2026,2026/2027,Italy,transfermarkt.com,6384128,,130,69261
Parma Calcio 1913,Franco Carboni,23,Left-Back,Inter Milan,€2.50m,in,Summer,2.5,Serie A,2026,2026/2027,Italy,transfermarkt.com,6398203,,130,46
Parma Calcio 1913,Ousmane Diallo,19,Left Winger,Borussia Dortmund II,€1.50m,in,Summer,1.5,Serie A,2026,2026/2027,Italy,transfermarkt.com,6474004,,130,17
Parma Calcio 1913,El Bilal Touré,24,Left Winger,Atalanta BC,Loan fee:€1.50m,in,Summer,1.5,Serie A,2026,2026/2027,Italy,transfermarkt.com,6489482,,130,800
Parma Calcio 1913,Aymen Zouin,19,Left Winger,Inter Milan Primavera,€500Th.,in,Summer,0.5,Serie A,2026,2026/2027,Italy,transfermarkt.com,6491774,,130,5380
Parma Calcio 1913,Simone Lontani,18,Centre-Forward,AC Milan Primavera,free transfer,in,Summer,0,Serie A,2026,2026/2027,Italy,transfermarkt.com,6383373,,130,10958
Parma Calcio 1913,Thomás De Martis,18,Centre-Forward,CA Lanús,loan transfer,in,Summer,0,Serie A,2026,2026/2027,Italy,transfermarkt.com,6515741,,130,333
Parma Calcio 1913,Botond Balogh,24,Centre-Back,Kocaelispor,End of loan 30/06/2026,in,Summer,0,Serie A,2026,2026/2027,Italy,transfermarkt.com,5927226,,130,120
Parma Calcio 1913,Anthony Partipilo,31,Right Winger,SSC Bari,End of loan 30/06/2026,in,Summer,0,Serie A,2026,2026/2027,Italy,transfermarkt.com,5847123,,130,332
Parma Calcio 1913,Peter Amoran,22,Centre-Back,Cesena FC,End of loan 30/06/2026,in,Summer,0,Serie A,2026,2026/2027,Italy,transfermarkt.com,5897912,,130,1429
Parma Calcio 1913,Antoine Joujou,23,Left Winger,FC Famalicão,End of loan 30/06/2026,in,Summer,0,Serie A,2026,2026/2027,Italy,transfermarkt.com,5899576,,130,3329
Parma Calcio 1913,Dario Sits,22,Centre-Forward,Atlético Madrileño,End of loan 30/06/2026,in,Summer,0,Serie A,2026,2026/2027,Italy,transfermarkt.com,5899903,,130,3679
Parma Calcio 1913,Mateusz Kowalski,20,Centre-Forward,Miedz Legnica,End of loan 30/06/2026,in,Summer,0,Serie A,2026,2026/2027,Italy,transfermarkt.com,6169852,,130,8936
Parma Calcio 1913,Tjas Begic,23,Left Winger,UC Sampdoria,End of loan 30/06/2026,in,Summer,0,Serie A,2026,2026/2027,Italy,transfermarkt.com,6097859,,130,1038
Parma Calcio 1913,Rachid Kouda,23,Central Midfield,Mantova 1911,End of loan 30/06/2026,in,Summer,0,Serie A,2026,2026/2027,Italy,transfermarkt.com,6139627,,130,2581
Parma Calcio 1913,Adrian Benedyczak,25,Centre-Forward,Kasimpasa,End of loan 30/06/2026,in,Summer,0,Serie A,2026,2026/2027,Italy,transfermarkt.com,6164874,,130,10484
Parma Calcio 1913,Zion Suzuki,23,Goalkeeper,Aston Villa,€30.00m,out,Summer,30,Serie A,2026,2026/2027,Italy,transfermarkt.com,6516994,,130,405
Parma Calcio 1913,Mateo Pellegrino,24,Centre-Forward,ACF Fiorentina,€22.50m,out,Summer,22.5,Serie A,2026,2026/2027,Italy,transfermarkt.com,6501830,,130,430
Parma Calcio 1913,Alessandro Circati,22,Centre-Back,SL Benfica,€18.00m,out,Summer,18,Serie A,2026,2026/2027,Italy,transfermarkt.com,6518927,,130,294
Parma Calcio 1913,Adrian Benedyczak,25,Centre-Forward,Kasimpasa,€4.00m,out,Summer,4,Serie A,2026,2026/2027,Italy,transfermarkt.com,6465470,,130,10484
Parma Calcio 1913,Tjas Begic,23,Left Winger,UC Sampdoria,€1.20m,out,Summer,1.2,Serie A,2026,2026/2027,Italy,transfermarkt.com,6362977,,130,1038
Parma Calcio 1913,Antoine Joujou,23,Left Winger,FC Nantes,€1.00m,out,Summer,1,Serie A,2026,2026/2027,Italy,transfermarkt.com,6524900,,130,995
Parma Calcio 1913,Nahuel Estévez,30,Defensive Midfield,Palermo FC,free transfer,out,Summer,0,Serie A,2026,2026/2027,Italy,transfermarkt.com,6324774,,130,458
Parma Calcio 1913,Anthony Partipilo,31,Right Winger,Barletta 1922,free transfer,out,Summer,0,Serie A,2026,2026/2027,Italy,transfermarkt.com,6436179,,130,5585
Parma Calcio 1913,Aymen Zouin,19,Left Winger,Casa Pia AC,loan transfer,out,Summer,0,Serie A,2026,2026/2027,Italy,transfermarkt.com,6524686,,130,3268
Parma Calcio 1913,Dario Sits,22,Centre-Forward,FC Dordrecht,loan transfer,out,Summer,0,Serie A,2026,2026/2027,Italy,transfermarkt.com,6393596,,130,1455
Parma Calcio 1913,Filippo Rinaldi,23,Goalkeeper,Catania FC,loan transfer,out,Summer,0,Serie A,2026,2026/2027,Italy,transfermarkt.com,6450121,,130,1627
Parma Calcio 1913,Jacob Ondrejka,23,Left Winger,FC Groningen,loan transfer,out,Summer,0,Serie A,2026,2026/2027,Italy,transfermarkt.com,6502969,,130,202
Parma Calcio 1913,Daniel Mikolajewski,20,Centre-Forward,FC Luzern,loan transfer,out,Summer,0,Serie A,2026,2026/2027,Italy,transfermarkt.com,6489414,,130,434
Parma Calcio 1913,Gaetano Oristanio,23,Attacking Midfield,Venezia FC,End of loan 30/06/2026,out,Summer,0,Serie A,2026,2026/2027,Italy,transfermarkt.com,5899427,,130,607
Parma Calcio 1913,Benja Cremaschi,21,Central Midfield,Inter Miami CF,End of loan 30/06/2026,out,Summer,0,Serie A,2026,2026/2027,Italy,transfermarkt.com,5913307,,130,69261
Parma Calcio 1913,Franco Carboni,23,Left-Back,Inter Milan,End of loan 30/06/2026,out,Summer,0,Serie A,2026,2026/2027,Italy,transfermarkt.com,6150797,,130,46
Parma Calcio 1913,Hans Nicolussi Caviglia,26,Defensive Midfield,Venezia FC,End of loan 30/06/2026,out,Summer,0,Serie A,2026,2026/2027,Italy,transfermarkt.com,6150913,,130,607
Parma Calcio 1913,Gabriel Strefezza,29,Right Winger,Olympiacos Piraeus,End of loan 30/06/2026,out,Summer,0,Serie A,2026,2026/2027,Italy,transfermarkt.com,6162190,,130,683
Cagliari Calcio,Sebastiano Esposito,23,Second Striker,Inter Milan,€4.00m,in,Summer,4,Serie A,2026,2026/2027,Italy,transfermarkt.com,6213271,,1390,46
Cagliari Calcio,Daniel Maldini,24,Attacking Midfield,Atalanta BC,Loan fee:€1.00m,in,Summer,1,Serie A,2026,2026/2027,Italy,transfermarkt.com,6490919,,1390,800
Cagliari Calcio,Giuseppe Aurelio,26,Left-Back,Spezia Calcio,€800Th.,in,Summer,0.8,Serie A,2026,2026/2027,Italy,transfermarkt.com,6493858,,1390,3522
Cagliari Calcio,Jacopo Fazzini,23,Central Midfield,ACF Fiorentina,Loan fee:€800Th.,in,Summer,0.8,Serie A,2026,2026/2027,Italy,transfermarkt.com,6425634,,1390,430
Cagliari Calcio,Alessandro Romano,20,Defensive Midfield,AS Roma,Loan fee:€500Th.,in,Summer,0.5,Serie A,2026,2026/2027,Italy,transfermarkt.com,6393559,,1390,12
Cagliari Calcio,Alieu Fadera,24,Left Winger,Como 1907,Loan fee:€500Th.,in,Summer,0.5,Serie A,2026,2026/2027,Italy,transfermarkt.com,6524976,,1390,1047
Cagliari Calcio,Kingstone Mutandwa,23,Centre-Forward,SV Ried,End of loan 30/06/2026 €250k,in,Summer,0,Serie A,2026,2026/2027,Italy,transfermarkt.com,5729760,,1390,266
Cagliari Calcio,Demi Akarakiri,18,Central Midfield,Everton FC U18,free transfer,in,Summer,0,Serie A,2026,2026/2027,Italy,transfermarkt.com,6400378,,1390,6920
Cagliari Calcio,Kevin Carlos,25,Centre-Forward,OGC Nice,loan transfer,in,Summer,0,Serie A,2026,2026/2027,Italy,transfermarkt.com,6492351,,1390,417
Cagliari Calcio,Harry Winks,30,Defensive Midfield,Leicester City,?,in,Summer,NA,Serie A,2026,2026/2027,Italy,transfermarkt.com,6428961,,1390,1003
Cagliari Calcio,Raphael Kofler,21,Centre-Back,FC Südtirol,loan transfer,in,Summer,0,Serie A,2026,2026/2027,Italy,transfermarkt.com,6472508,,1390,4554
Cagliari Calcio,Nik Prelec,25,Centre-Forward,Oxford United,End of loan 30/06/2026,in,Summer,0,Serie A,2026,2026/2027,Italy,transfermarkt.com,5829425,,1390,988
Cagliari Calcio,Davide Veroli,23,Centre-Back,Palermo FC,End of loan 30/06/2026,in,Summer,0,Serie A,2026,2026/2027,Italy,transfermarkt.com,5883153,,1390,458
Cagliari Calcio,Velizar-Iliya Iliev,20,Goalkeeper,Audace Cerignola,End of loan 30/06/2026,in,Summer,0,Serie A,2026,2026/2027,Italy,transfermarkt.com,5899676,,1390,22249
Cagliari Calcio,Boris Radunović,30,Goalkeeper,Spezia Calcio,End of loan 30/06/2026,in,Summer,0,Serie A,2026,2026/2027,Italy,transfermarkt.com,6094406,,1390,3522
Cagliari Calcio,Alessandro Vinciguerra,20,Left Winger,SS Monopoli 1966,End of loan 30/06/2026,in,Summer,0,Serie A,2026,2026/2027,Italy,transfermarkt.com,6132586,,1390,33734
Cagliari Calcio,Nicolò Cavuoti,23,Attacking Midfield,SSC Bari,End of loan 30/06/2026,in,Summer,0,Serie A,2026,2026/2027,Italy,transfermarkt.com,6149300,,1390,332
Cagliari Calcio,Francesco Gallea,21,Centre-Back,FC Lumezzane,End of loan 30/06/2026,in,Summer,0,Serie A,2026,2026/2027,Italy,transfermarkt.com,6151051,,1390,4103
Cagliari Calcio,Sebastiano Di Paolo,19,Right Winger,Siracusa Calcio,End of loan 30/06/2026,in,Summer,0,Serie A,2026,2026/2027,Italy,transfermarkt.com,6152275,,1390,8373
Cagliari Calcio,Matteo Prati,22,Defensive Midfield,Torino FC,End of loan 30/06/2026,in,Summer,0,Serie A,2026,2026/2027,Italy,transfermarkt.com,6153328,,1390,416
Cagliari Calcio,Nicola Pintus,21,Centre-Back,Cosenza Calcio,End of loan 30/06/2026,in,Summer,0,Serie A,2026,2026/2027,Italy,transfermarkt.com,6160480,,1390,4031
Cagliari Calcio,Gianluca Gaetano,26,Defensive Midfield,Atalanta BC,€12.00m,out,Summer,12,Serie A,2026,2026/2027,Italy,transfermarkt.com,6415365,,1390,800
Cagliari Calcio,Nik Prelec,25,Centre-Forward,Oxford United,€1.00m,out,Summer,1,Serie A,2026,2026/2027,Italy,transfermarkt.com,6200830,,1390,988
Cagliari Calcio,Matteo Prati,22,Defensive Midfield,Racing Santander,Loan fee:€500Th.,out,Summer,0.5,Serie A,2026,2026/2027,Italy,transfermarkt.com,6536286,,1390,630
Cagliari Calcio,Alessandro Vinciguerra,20,Left Winger,Audace Cerignola,free transfer,out,Summer,0,Serie A,2026,2026/2027,Italy,transfermarkt.com,6431950,,1390,22249
Cagliari Calcio,Giuseppe Ciocci,24,Goalkeeper,Spezia Calcio,free transfer,out,Summer,0,Serie A,2026,2026/2027,Italy,transfermarkt.com,6494828,,1390,3522
Cagliari Calcio,Mateusz Wieteska,29,Centre-Back,Wieczysta Krakow,?,out,Summer,NA,Serie A,2026,2026/2027,Italy,transfermarkt.com,6472755,,1390,30974
Cagliari Calcio,Davide Veroli,23,Centre-Back,FC Südtirol,loan transfer,out,Summer,0,Serie A,2026,2026/2027,Italy,transfermarkt.com,6472522,,1390,4554
Cagliari Calcio,Francesco Gallea,21,Centre-Back,SS Juve Stabia,loan transfer,out,Summer,0,Serie A,2026,2026/2027,Italy,transfermarkt.com,6457652,,1390,5587
Cagliari Calcio,Nicola Pintus,21,Centre-Back,US Pianese,loan transfer,out,Summer,0,Serie A,2026,2026/2027,Italy,transfermarkt.com,6454593,,1390,34499
Cagliari Calcio,Velizar-Iliya Iliev,21,Goalkeeper,Cosenza Calcio,loan transfer,out,Summer,0,Serie A,2026,2026/2027,Italy,transfermarkt.com,6478065,,1390,4031
Cagliari Calcio,Othniël Raterink,20,Right-Back,ADO Den Haag,loan transfer,out,Summer,0,Serie A,2026,2026/2027,Italy,transfermarkt.com,6496839,,1390,1268
Cagliari Calcio,Agustín Albarracín,20,Left Winger,Albacete Balompié,loan transfer,out,Summer,0,Serie A,2026,2026/2027,Italy,transfermarkt.com,6532677,,1390,1532
Cagliari Calcio,Sebastiano Di Paolo,19,Right Winger,US Avellino 1912,loan transfer,out,Summer,0,Serie A,2026,2026/2027,Italy,transfermarkt.com,6536620,,1390,2331
Cagliari Calcio,Andrea Belotti,32,Centre-Forward,Without Club,-,out,Summer,NA,Serie A,2026,2026/2027,Italy,transfermarkt.com,6390488,,1390,515
Cagliari Calcio,Leonardo Pavoletti,37,Centre-Forward,Without Club,-,out,Summer,NA,Serie A,2026,2026/2027,Italy,transfermarkt.com,6311282,,1390,515
Cagliari Calcio,Michael Folorunsho,28,Central Midfield,SSC Napoli,End of loan 30/06/2026,out,Summer,0,Serie A,2026,2026/2027,Italy,transfermarkt.com,5807612,,1390,6195
Cagliari Calcio,Alessandro Romano,21,Defensive Midfield,AS Roma,End of loan 30/06/2027,out,Summer,0,Serie A,2026,2026/2027,Italy,transfermarkt.com,6393560,,1390,12
Cagliari Calcio,Luca Mazzitelli,30,Central Midfield,Como 1907,End of loan 30/06/2026,out,Summer,0,Serie A,2026,2026/2027,Italy,transfermarkt.com,5823501,,1390,1047
Cagliari Calcio,Semih Kılıçsoy,20,Centre-Forward,Besiktas JK,End of loan 30/06/2026,out,Summer,0,Serie A,2026,2026/2027,Italy,transfermarkt.com,5831621,,1390,114
Cagliari Calcio,Sebastiano Esposito,23,Second Striker,Inter Milan,End of loan 30/06/2026,out,Summer,0,Serie A,2026,2026/2027,Italy,transfermarkt.com,5857881,,1390,46
Cagliari Calcio,Marco Palestra,21,Right-Back,Atalanta BC,End of loan 30/06/2026,out,Summer,0,Serie A,2026,2026/2027,Italy,transfermarkt.com,5895883,,1390,800
Cagliari Calcio,Ibrahim Sulemana,23,Defensive Midfield,Atalanta BC,End of loan 30/06/2026,out,Summer,0,Serie A,2026,2026/2027,Italy,transfermarkt.com,6135809,,1390,800
Cagliari Calcio,Alberto Dossena,27,Centre-Back,Como 1907,End of loan 30/06/2026,out,Summer,0,Serie A,2026,2026/2027,Italy,transfermarkt.com,6135887,,1390,1047
ACF Fiorentina,Christ Inao Oulaï,20,Central Midfield,Trabzonspor,€26.00m,in,Summer,26,Serie A,2026,2026/2027,Italy,transfermarkt.com,6440309,,430,449
ACF Fiorentina,Arthur Atta,23,Central Midfield,Udinese Calcio,€25.00m,in,Summer,25,Serie A,2026,2026/2027,Italy,transfermarkt.com,6420311,,430,410
ACF Fiorentina,Mateo Pellegrino,24,Centre-Forward,Parma Calcio 1913,€22.50m,in,Summer,22.5,Serie A,2026,2026/2027,Italy,transfermarkt.com,6501830,,430,130
ACF Fiorentina,Viery,21,Centre-Back,Grêmio Foot-Ball Porto Alegrense,€15.00m,in,Summer,15,Serie A,2026,2026/2027,Italy,transfermarkt.com,6393653,,430,210
ACF Fiorentina,Giovanni Fabbian,23,Attacking Midfield,Bologna FC 1909,€13.00m,in,Summer,13,Serie A,2026,2026/2027,Italy,transfermarkt.com,6304507,,430,1025
ACF Fiorentina,Marco Brescianini,26,Central Midfield,Atalanta BC,€10.00m,in,Summer,10,Serie A,2026,2026/2027,Italy,transfermarkt.com,6304508,,430,800
ACF Fiorentina,Víctor Valdepeñas,19,Centre-Back,Real Madrid Castilla,€8.00m,in,Summer,8,Serie A,2026,2026/2027,Italy,transfermarkt.com,6474404,,430,6767
ACF Fiorentina,João Mário,26,Right-Back,Juventus FC,Loan fee:€1.80m,in,Summer,1.8,Serie A,2026,2026/2027,Italy,transfermarkt.com,6481933,,430,506
ACF Fiorentina,Radu Drăgușin,24,Centre-Back,Tottenham Hotspur,Loan fee:€1.50m,in,Summer,1.5,Serie A,2026,2026/2027,Italy,transfermarkt.com,6412546,,430,148
ACF Fiorentina,Álex Jiménez,21,Right-Back,AFC Bournemouth,loan transfer,in,Summer,0,Serie A,2026,2026/2027,Italy,transfermarkt.com,6424784,,430,989
ACF Fiorentina,Franco Mastantuono,18,Right Winger,Real Madrid,loan transfer,in,Summer,0,Serie A,2026,2026/2027,Italy,transfermarkt.com,6489342,,430,418
ACF Fiorentina,Alessandro Bianco,23,Central Midfield,PAOK Thessaloniki,End of loan 30/06/2026,in,Summer,0,Serie A,2026,2026/2027,Italy,transfermarkt.com,5909724,,430,1091
ACF Fiorentina,Nicolás Valentini,25,Centre-Back,Hellas Verona,End of loan 30/06/2026,in,Summer,0,Serie A,2026,2026/2027,Italy,transfermarkt.com,5499549,,430,276
ACF Fiorentina,Giulio Scuderi,20,Left-Back,Alcione Milano,End of loan 30/06/2026,in,Summer,0,Serie A,2026,2026/2027,Italy,transfermarkt.com,5760511,,430,52687
ACF Fiorentina,Mirko Elia,20,Centre-Back,Forlì FC,End of loan 30/06/2026,in,Summer,0,Serie A,2026,2026/2027,Italy,transfermarkt.com,5767639,,430,9816
ACF Fiorentina,Matías Moreno,22,Centre-Back,Levante UD,End of loan 30/06/2026,in,Summer,0,Serie A,2026,2026/2027,Italy,transfermarkt.com,5768729,,430,3368
ACF Fiorentina,Leonardo Baroncelli,20,Centre-Back,AS Gubbio 1910,End of loan 30/06/2026,in,Summer,0,Serie A,2026,2026/2027,Italy,transfermarkt.com,5769502,,430,4326
ACF Fiorentina,Jonas Harder,20,Central Midfield,Calcio Padova,End of loan 30/06/2026,in,Summer,0,Serie A,2026,2026/2027,Italy,transfermarkt.com,5769811,,430,3037
ACF Fiorentina,Lorenzo Romani,21,Centre-Back,Calcio Lecco 1912,End of loan 30/06/2026,in,Summer,0,Serie A,2026,2026/2027,Italy,transfermarkt.com,5771364,,430,5514
ACF Fiorentina,Lapo Deli,21,Defensive Midfield,FC Empoli,End of loan 30/06/2027,in,Summer,0,Serie A,2026,2026/2027,Italy,transfermarkt.com,6488373,,430,749
ACF Fiorentina,Riccardo Spaggiari,21,Right Midfield,Arzignano Valchiampo,End of loan 30/06/2026,in,Summer,0,Serie A,2026,2026/2027,Italy,transfermarkt.com,5776644,,430,46619
ACF Fiorentina,Filippo Distefano,22,Second Striker,Carrarese Calcio 1908,End of loan 30/06/2026,in,Summer,0,Serie A,2026,2026/2027,Italy,transfermarkt.com,5778712,,430,4159
ACF Fiorentina,Lorenzo Lucchesi,23,Centre-Back,AC Monza,End of loan 30/06/2026,in,Summer,0,Serie A,2026,2026/2027,Italy,transfermarkt.com,5790999,,430,2919
ACF Fiorentina,Lorenzo Amatucci,22,Defensive Midfield,UD Las Palmas,End of loan 30/06/2026,in,Summer,0,Serie A,2026,2026/2027,Italy,transfermarkt.com,5795624,,430,472
ACF Fiorentina,Maat Daniel Caprini,20,Left Winger,Mantova 1911,End of loan 30/06/2026,in,Summer,0,Serie A,2026,2026/2027,Italy,transfermarkt.com,5804055,,430,2581
ACF Fiorentina,Riccardo Sottil,27,Left Winger,US Lecce,End of loan 30/06/2026,in,Summer,0,Serie A,2026,2026/2027,Italy,transfermarkt.com,5850623,,430,1005
ACF Fiorentina,Lucas Beltrán,25,Centre-Forward,Valencia CF,End of loan 30/06/2026,in,Summer,0,Serie A,2026,2026/2027,Italy,transfermarkt.com,5911889,,430,1049
ACF Fiorentina,Tommaso Martinelli,20,Goalkeeper,UC Sampdoria,End of loan 30/06/2026,in,Summer,0,Serie A,2026,2026/2027,Italy,transfermarkt.com,6102313,,430,1038
ACF Fiorentina,Laerte Tognetti,21,Goalkeeper,US Follonica Gavorrano,End of loan 30/06/2026,in,Summer,0,Serie A,2026,2026/2027,Italy,transfermarkt.com,6128284,,430,27568
ACF Fiorentina,Simon Sohm,25,Central Midfield,Bologna FC 1909,End of loan 30/06/2026,in,Summer,0,Serie A,2026,2026/2027,Italy,transfermarkt.com,6137380,,430,1025
ACF Fiorentina,Amir Richardson,24,Central Midfield,FC Copenhagen,End of loan 30/06/2026,in,Summer,0,Serie A,2026,2026/2027,Italy,transfermarkt.com,6138188,,430,190
ACF Fiorentina,Tommaso Vannucchi,19,Goalkeeper,Cosenza Calcio,End of loan 30/06/2026,in,Summer,0,Serie A,2026,2026/2027,Italy,transfermarkt.com,6155684,,430,4031
ACF Fiorentina,M'Bala Nzola,29,Centre-Forward,US Sassuolo,End of loan 30/06/2026,in,Summer,0,Serie A,2026,2026/2027,Italy,transfermarkt.com,6155689,,430,6574
ACF Fiorentina,Jacopo Tarantino,21,Centre-Forward,Audace Cerignola,End of loan 30/06/2026,in,Summer,0,Serie A,2026,2026/2027,Italy,transfermarkt.com,6162707,,430,22249
ACF Fiorentina,Antonín Barák,31,Attacking Midfield,UC Sampdoria,End of loan 30/06/2026,in,Summer,0,Serie A,2026,2026/2027,Italy,transfermarkt.com,6331260,,430,1038
ACF Fiorentina,Nicolás Valentini,25,Centre-Back,Deportivo Alavés,€3.00m,out,Summer,3,Serie A,2026,2026/2027,Italy,transfermarkt.com,6489390,,430,1108
ACF Fiorentina,Lorenzo Amatucci,22,Defensive Midfield,Deportivo A Coruña,€2.50m,out,Summer,2.5,Serie A,2026,2026/2027,Italy,transfermarkt.com,6413535,,430,897
ACF Fiorentina,Jonas Harder,20,Central Midfield,FC Basel 1893,€2.00m,out,Summer,2,Serie A,2026,2026/2027,Italy,transfermarkt.com,6427728,,430,26
ACF Fiorentina,Luis Balbo,20,Left-Back,SK Sturm Graz,€1.50m,out,Summer,1.5,Serie A,2026,2026/2027,Italy,transfermarkt.com,6467865,,430,122
ACF Fiorentina,Niccolò Fortini,20,Left-Back,Torino FC,Loan fee:€1.50m,out,Summer,1.5,Serie A,2026,2026/2027,Italy,transfermarkt.com,6523459,,430,416
ACF Fiorentina,Riccardo Braschi,19,Centre-Forward,FC Thun,€1.00m,out,Summer,1,Serie A,2026,2026/2027,Italy,transfermarkt.com,6495664,,430,938
ACF Fiorentina,Alessandro Bianco,23,Central Midfield,Modena FC,€1.00m,out,Summer,1,Serie A,2026,2026/2027,Italy,transfermarkt.com,6444633,,430,1385
ACF Fiorentina,Lorenzo Lucchesi,23,Centre-Back,AC Monza,€1.00m,out,Summer,1,Serie A,2026,2026/2027,Italy,transfermarkt.com,6331149,,430,2919
ACF Fiorentina,Pietro Comuzzo,21,Centre-Back,Torino FC,Loan fee:€1.00m,out,Summer,1,Serie A,2026,2026/2027,Italy,transfermarkt.com,6468060,,430,416
ACF Fiorentina,Jacopo Fazzini,23,Central Midfield,Cagliari Calcio,Loan fee:€800Th.,out,Summer,0.8,Serie A,2026,2026/2027,Italy,transfermarkt.com,6425634,,430,1390
ACF Fiorentina,Matías Moreno,22,Centre-Back,Venezia FC,Loan fee:€500Th.,out,Summer,0.5,Serie A,2026,2026/2027,Italy,transfermarkt.com,6471544,,430,607
ACF Fiorentina,Lucas Beltrán,25,Centre-Forward,CA River Plate,Loan fee:€430Th.,out,Summer,0.43,Serie A,2026,2026/2027,Italy,transfermarkt.com,6397804,,430,209
ACF Fiorentina,Filippo Distefano,22,Second Striker,FC Empoli,€250Th.,out,Summer,0.25,Serie A,2026,2026/2027,Italy,transfermarkt.com,6444693,,430,749
ACF Fiorentina,Tariq Lamptey,25,Right-Back,Queens Park Rangers,free transfer,out,Summer,0,Serie A,2026,2026/2027,Italy,transfermarkt.com,6444218,,430,1039
ACF Fiorentina,Abdelhamid Sabiri,29,Attacking Midfield,Eyüpspor,free transfer,out,Summer,0,Serie A,2026,2026/2027,Italy,transfermarkt.com,6474629,,430,7160
ACF Fiorentina,Robin Gosens,32,Left-Back,FC Schalke 04,loan transfer,out,Summer,0,Serie A,2026,2026/2027,Italy,transfermarkt.com,6435242,,430,33
ACF Fiorentina,Leonardo Baroncelli,20,Centre-Back,AS Gubbio 1910,?,out,Summer,NA,Serie A,2026,2026/2027,Italy,transfermarkt.com,6401995,,430,4326
ACF Fiorentina,Roberto Piccoli,25,Centre-Forward,Bologna FC 1909,loan transfer,out,Summer,0,Serie A,2026,2026/2027,Italy,transfermarkt.com,6501819,,430,1025
ACF Fiorentina,Eddy Kouadio,20,Centre-Back,AC Monza,loan transfer,out,Summer,0,Serie A,2026,2026/2027,Italy,transfermarkt.com,6412816,,430,2919
ACF Fiorentina,Tommaso Martinelli,20,Goalkeeper,US Avellino 1912,loan transfer,out,Summer,0,Serie A,2026,2026/2027,Italy,transfermarkt.com,6416522,,430,2331
ACF Fiorentina,Lorenzo Romani,21,Centre-Back,Carrarese Calcio 1908,loan transfer,out,Summer,0,Serie A,2026,2026/2027,Italy,transfermarkt.com,6418012,,430,4159
ACF Fiorentina,Simon Sohm,25,Central Midfield,Venezia FC,loan transfer,out,Summer,0,Serie A,2026,2026/2027,Italy,transfermarkt.com,6478495,,430,607
ACF Fiorentina,Tommaso Vannucchi,19,Goalkeeper,Arzignano Valchiampo,loan transfer,out,Summer,0,Serie A,2026,2026/2027,Italy,transfermarkt.com,6460593,,430,46619
ACF Fiorentina,Maat Daniel Caprini,20,Left Winger,Cesena FC,loan transfer,out,Summer,0,Serie A,2026,2026/2027,Italy,transfermarkt.com,6427700,,430,1429
ACF Fiorentina,Amir Richardson,24,Central Midfield,Le Havre AC,loan transfer,out,Summer,0,Serie A,2026,2026/2027,Italy,transfermarkt.com,6438346,,430,738
ACF Fiorentina,Mirko Elia,20,Centre-Back,SSC Bari,loan transfer,out,Summer,0,Serie A,2026,2026/2027,Italy,transfermarkt.com,6439485,,430,332
ACF Fiorentina,Giulio Scuderi,20,Left-Back,SS Juve Stabia,loan transfer,out,Summer,0,Serie A,2026,2026/2027,Italy,transfermarkt.com,6455782,,430,5587
ACF Fiorentina,Riccardo Spaggiari,21,Right Midfield,Without Club,-,out,Summer,NA,Serie A,2026,2026/2027,Italy,transfermarkt.com,6541409,,430,515
ACF Fiorentina,Laerte Tognetti,21,Goalkeeper,Without Club,-,out,Summer,NA,Serie A,2026,2026/2027,Italy,transfermarkt.com,6417363,,430,515
ACF Fiorentina,Manor Solomon,26,Left Winger,Tottenham Hotspur,End of loan 30/06/2026,out,Summer,0,Serie A,2026,2026/2027,Italy,transfermarkt.com,6090982,,430,148
ACF Fiorentina,Marco Brescianini,26,Central Midfield,Atalanta BC,End of loan 30/06/2026,out,Summer,0,Serie A,2026,2026/2027,Italy,transfermarkt.com,6107363,,430,800
ACF Fiorentina,Jack Harrison,29,Left Winger,Leeds United,End of loan 30/06/2026,out,Summer,0,Serie A,2026,2026/2027,Italy,transfermarkt.com,6129602,,430,399
ACF Fiorentina,Giovanni Fabbian,23,Attacking Midfield,Bologna FC 1909,End of loan 30/06/2026,out,Summer,0,Serie A,2026,2026/2027,Italy,transfermarkt.com,6135082,,430,1025
ACF Fiorentina,Daniele Rugani,31,Centre-Back,Juventus FC,End of loan 30/06/2026,out,Summer,0,Serie A,2026,2026/2027,Italy,transfermarkt.com,6162081,,430,506
Genoa CFC,Lorenzo Colombo,24,Centre-Forward,AC Milan,€7.00m,in,Summer,7,Serie A,2026,2026/2027,Italy,transfermarkt.com,6297022,,252,5
Genoa CFC,David Puczka,21,Left-Back,Juventus Next Gen,€6.00m,in,Summer,6,Serie A,2026,2026/2027,Italy,transfermarkt.com,6396428,,252,41101
Genoa CFC,Djibril Sow,29,Central Midfield,Sevilla FC,€4.00m,in,Summer,4,Serie A,2026,2026/2027,Italy,transfermarkt.com,6489420,,252,368
Genoa CFC,Franz-Ethan Meichtry,20,Central Midfield,FC Thun,€4.00m,in,Summer,4,Serie A,2026,2026/2027,Italy,transfermarkt.com,6391718,,252,938
Genoa CFC,Samuel Wiafe,18,Central Midfield,Modena FC,€3.00m,in,Summer,3,Serie A,2026,2026/2027,Italy,transfermarkt.com,6396451,,252,1385
Genoa CFC,Milutin Osmajic,27,Centre-Forward,Preston North End,€2.50m,in,Summer,2.5,Serie A,2026,2026/2027,Italy,transfermarkt.com,6531330,,252,466
Genoa CFC,Elias Havel,23,Centre-Forward,TSV Hartberg,€2.00m,in,Summer,2,Serie A,2026,2026/2027,Italy,transfermarkt.com,6417972,,252,4467
Genoa CFC,Mario Mitaj,22,Left-Back,Al-Ittihad Club,Loan fee:€2.00m,in,Summer,2,Serie A,2026,2026/2027,Italy,transfermarkt.com,6474614,,252,8023
Genoa CFC,Hamed Traoré,26,Left Winger,Olympique Marseille,Loan fee:€2.00m,in,Summer,2,Serie A,2026,2026/2027,Italy,transfermarkt.com,6435397,,252,244
Genoa CFC,Marcelo Vaz,18,Left-Back,Varesina Calcio,€300Th.,in,Summer,0.3,Serie A,2026,2026/2027,Italy,transfermarkt.com,6355667,,252,50258
Genoa CFC,Alan Matturro,21,Centre-Back,Levante UD,End of loan 30/06/2026,in,Summer,0,Serie A,2026,2026/2027,Italy,transfermarkt.com,5762941,,252,3368
Genoa CFC,Gianluca Rossi,20,Central Midfield,AC Renate,End of loan 30/06/2026,in,Summer,0,Serie A,2026,2026/2027,Italy,transfermarkt.com,5761849,,252,24898
Genoa CFC,Leonardo Consiglio,19,Goalkeeper,Dolomiti Bellunesi,End of loan 30/06/2026,in,Summer,0,Serie A,2026,2026/2027,Italy,transfermarkt.com,5770744,,252,91510
Genoa CFC,Lorenzo Gagliardi,22,Centre-Back,Pineto Calcio,End of loan 30/06/2026,in,Summer,0,Serie A,2026,2026/2027,Italy,transfermarkt.com,5760190,,252,46337
Genoa CFC,Gabriele Pessolani,20,Attacking Midfield,US Pergolettese 1932,End of loan 30/06/2026,in,Summer,0,Serie A,2026,2026/2027,Italy,transfermarkt.com,5753530,,252,4553
Genoa CFC,Matteo Barbini,19,Centre-Back,Dolomiti Bellunesi,End of loan 30/06/2026,in,Summer,0,Serie A,2026,2026/2027,Italy,transfermarkt.com,5770746,,252,91510
Genoa CFC,Franz Stolz,25,Goalkeeper,Grazer AK 1902,End of loan 30/06/2026,in,Summer,0,Serie A,2026,2026/2027,Italy,transfermarkt.com,6104785,,252,316
Genoa CFC,Simone Calvani,21,Goalkeeper,Forlì FC,End of loan 30/06/2026,in,Summer,0,Serie A,2026,2026/2027,Italy,transfermarkt.com,5823700,,252,9816
Genoa CFC,Alessandro Debenedetti,22,Centre-Forward,Virtus Entella,End of loan 30/06/2026,in,Summer,0,Serie A,2026,2026/2027,Italy,transfermarkt.com,5857512,,252,20519
Genoa CFC,Alessandro Vogliacco,27,Centre-Back,PAOK Thessaloniki,End of loan 30/06/2026,in,Summer,0,Serie A,2026,2026/2027,Italy,transfermarkt.com,5905970,,252,1091
Genoa CFC,Hugo Cuenca,21,Attacking Midfield,Burgos CF Promesas,End of loan 30/06/2026,in,Summer,0,Serie A,2026,2026/2027,Italy,transfermarkt.com,6164188,,252,56442
Genoa CFC,Chec Bebel Doumbia,18,Central Midfield,Altamura S.S.,End of loan 30/06/2026,in,Summer,0,Serie A,2026,2026/2027,Italy,transfermarkt.com,6158415,,252,22408
Genoa CFC,Daniel Fossati,22,Centre-Forward,US Follonica Gavorrano,End of loan 30/06/2026,in,Summer,0,Serie A,2026,2026/2027,Italy,transfermarkt.com,6150014,,252,27568
Genoa CFC,David Ankeye,24,Centre-Forward,Krasava ENY,End of loan 30/06/2026,in,Summer,0,Serie A,2026,2026/2027,Italy,transfermarkt.com,6145372,,252,57870
Genoa CFC,Lorenzo Venturino,20,Right Winger,AS Roma,End of loan 30/06/2026,in,Summer,0,Serie A,2026,2026/2027,Italy,transfermarkt.com,6140816,,252,12
Genoa CFC,Edoardo Meconi,21,Left-Back,US Pergolettese 1932,End of loan 30/06/2026,in,Summer,0,Serie A,2026,2026/2027,Italy,transfermarkt.com,6137874,,252,4553
Genoa CFC,Tommaso Pittino,21,Centre-Back,Dolomiti Bellunesi,End of loan 30/06/2026,in,Summer,0,Serie A,2026,2026/2027,Italy,transfermarkt.com,6137013,,252,91510
Genoa CFC,Jeff Ekhator,19,Centre-Forward,Juventus FC,€16.40m,out,Summer,16.4,Serie A,2026,2026/2027,Italy,transfermarkt.com,6394227,,252,506
Genoa CFC,Alan Matturro,21,Centre-Back,Shakhtar Donetsk,€5.00m,out,Summer,5,Serie A,2026,2026/2027,Italy,transfermarkt.com,6536008,,252,660
Genoa CFC,David Ankeye,24,Centre-Forward,FK Zeleznicar Pancevo,€500Th.,out,Summer,0.5,Serie A,2026,2026/2027,Italy,transfermarkt.com,6401991,,252,59358
Genoa CFC,Alessandro Vogliacco,27,Centre-Back,US Cremonese,€150Th.,out,Summer,0.15,Serie A,2026,2026/2027,Italy,transfermarkt.com,6490277,,252,2239
Genoa CFC,Nicola Leali,33,Goalkeeper,Hellas Verona,free transfer,out,Summer,0,Serie A,2026,2026/2027,Italy,transfermarkt.com,6420196,,252,276
Genoa CFC,Leonardo Consiglio,19,Goalkeeper,Modena FC,free transfer,out,Summer,0,Serie A,2026,2026/2027,Italy,transfermarkt.com,6396446,,252,1385
Genoa CFC,Ruslan Malinovskyi,33,Central Midfield,Trabzonspor,free transfer,out,Summer,0,Serie A,2026,2026/2027,Italy,transfermarkt.com,6313077,,252,449
Genoa CFC,Hugo Cuenca,21,Attacking Midfield,RC Celta Fortuna,loan transfer,out,Summer,0,Serie A,2026,2026/2027,Italy,transfermarkt.com,6485476,,252,8733
Genoa CFC,Lorenzo Gagliardi,22,Centre-Back,Altamura S.S.,loan transfer,out,Summer,0,Serie A,2026,2026/2027,Italy,transfermarkt.com,6411427,,252,22408
Genoa CFC,Edoardo Meconi,21,Left-Back,AS Gubbio 1910,loan transfer,out,Summer,0,Serie A,2026,2026/2027,Italy,transfermarkt.com,6408936,,252,4326
Genoa CFC,Gianluca Rossi,20,Central Midfield,Treviso FBC 1993,loan transfer,out,Summer,0,Serie A,2026,2026/2027,Italy,transfermarkt.com,6429352,,252,2251
Genoa CFC,Tommaso Pittino,21,Centre-Back,US Livorno 1915,loan transfer,out,Summer,0,Serie A,2026,2026/2027,Italy,transfermarkt.com,6438490,,252,1210
Genoa CFC,Simone Calvani,21,Goalkeeper,FC Vado,loan transfer,out,Summer,0,Serie A,2026,2026/2027,Italy,transfermarkt.com,6453567,,252,11483
Genoa CFC,Gabriele Pessolani,20,Attacking Midfield,AC Crema 1908,loan transfer,out,Summer,0,Serie A,2026,2026/2027,Italy,transfermarkt.com,6462330,,252,22188
Genoa CFC,Alessandro Debenedetti,22,Centre-Forward,Cesena FC,loan transfer,out,Summer,0,Serie A,2026,2026/2027,Italy,transfermarkt.com,6486050,,252,1429
Genoa CFC,Patrizio Masini,25,Central Midfield,Frosinone Calcio,loan transfer,out,Summer,0,Serie A,2026,2026/2027,Italy,transfermarkt.com,6492864,,252,8970
Genoa CFC,Chec Bebel Doumbia,18,Central Midfield,FC Rapid 1923,loan transfer,out,Summer,0,Serie A,2026,2026/2027,Italy,transfermarkt.com,6515510,,252,455
Genoa CFC,Caleb Ekuban,32,Centre-Forward,Without Club,-,out,Summer,NA,Serie A,2026,2026/2027,Italy,transfermarkt.com,6347764,,252,515
Genoa CFC,Lorenzo Colombo,24,Centre-Forward,AC Milan,End of loan 30/06/2026,out,Summer,0,Serie A,2026,2026/2027,Italy,transfermarkt.com,5817925,,252,5
Genoa CFC,Jean Onana,26,Defensive Midfield,Besiktas JK,End of loan 30/06/2026,out,Summer,0,Serie A,2026,2026/2027,Italy,transfermarkt.com,5909560,,252,114
Genoa CFC,Benjamin Siegrist,34,Goalkeeper,FC Rapid 1923,End of loan 30/06/2026,out,Summer,0,Serie A,2026,2026/2027,Italy,transfermarkt.com,5484928,,252,455
Genoa CFC,Maxwel Cornet,29,Left Winger,West Ham United,End of loan 30/06/2026,out,Summer,0,Serie A,2026,2026/2027,Italy,transfermarkt.com,5912203,,252,379
Genoa CFC,Nils Zätterström,21,Centre-Back,Sheffield United,End of loan 30/06/2026,out,Summer,0,Serie A,2026,2026/2027,Italy,transfermarkt.com,6139638,,252,350
US Lecce,Willem Geubbels,24,Centre-Forward,Paris FC,€4.60m,in,Summer,4.6,Serie A,2026,2026/2027,Italy,transfermarkt.com,6478324,,1005,10004
US Lecce,Amar Fatah,22,Left Winger,ESTAC Troyes,€1.40m,in,Summer,1.4,Serie A,2026,2026/2027,Italy,transfermarkt.com,6533178,,1005,1095
US Lecce,Marco Bleve,30,Goalkeeper,Carrarese Calcio 1908,?,in,Summer,NA,Serie A,2026,2026/2027,Italy,transfermarkt.com,6518628,,1005,4159
US Lecce,Ivan Ilić,25,Central Midfield,Torino FC,loan transfer,in,Summer,0,Serie A,2026,2026/2027,Italy,transfermarkt.com,6538561,,1005,416
US Lecce,Vernon Addo,21,Left-Back,Krasava ENY,End of loan 30/06/2026,in,Summer,0,Serie A,2026,2026/2027,Italy,transfermarkt.com,5931855,,1005,57870
US Lecce,Giacomo Faticanti,21,Defensive Midfield,Juventus Next Gen,End of loan 30/06/2026,in,Summer,0,Serie A,2026,2026/2027,Italy,transfermarkt.com,5236000,,1005,41101
US Lecce,Samba Sakho Dramé,21,Goalkeeper,Gelbison,End of loan 30/06/2026,in,Summer,0,Serie A,2026,2026/2027,Italy,transfermarkt.com,6259692,,1005,30326
US Lecce,Marco Delle Monache,21,Left Winger,Potenza Calcio,End of loan 30/06/2026,in,Summer,0,Serie A,2026,2026/2027,Italy,transfermarkt.com,6162997,,1005,7197
US Lecce,Christ-Owen Kouassi,23,Right-Back,Stade Lavallois,End of loan 30/06/2026,in,Summer,0,Serie A,2026,2026/2027,Italy,transfermarkt.com,6158312,,1005,1080
US Lecce,Youssef Maleh,27,Central Midfield,US Cremonese,End of loan 30/06/2026,in,Summer,0,Serie A,2026,2026/2027,Italy,transfermarkt.com,6154401,,1005,2239
US Lecce,Mohamed Kaba,24,Central Midfield,FC Nantes,End of loan 30/06/2026,in,Summer,0,Serie A,2026,2026/2027,Italy,transfermarkt.com,6150980,,1005,995
US Lecce,Marlon Ubani,21,Right-Back,Cavese 1919,End of loan 30/06/2026,in,Summer,0,Serie A,2026,2026/2027,Italy,transfermarkt.com,6145385,,1005,6266
US Lecce,Alexandru Borbei,23,Goalkeeper,Calcio Foggia 1920,End of loan 30/06/2026,in,Summer,0,Serie A,2026,2026/2027,Italy,transfermarkt.com,5845129,,1005,704
US Lecce,Rareș Burnete,22,Centre-Forward,SS Juve Stabia,End of loan 30/06/2026,in,Summer,0,Serie A,2026,2026/2027,Italy,transfermarkt.com,5820503,,1005,5587
US Lecce,Matteo Agrimi,21,Left Winger,AC Nardò,End of loan 30/06/2026,in,Summer,0,Serie A,2026,2026/2027,Italy,transfermarkt.com,6110906,,1005,22344
US Lecce,Milos Jovic,20,Centre-Forward,FK IMT Belgrad,End of loan 30/06/2026,in,Summer,0,Serie A,2026,2026/2027,Italy,transfermarkt.com,5901049,,1005,32113
US Lecce,Ed McJannet,22,Central Midfield,Ternana Calcio,End of loan 30/06/2026,in,Summer,0,Serie A,2026,2026/2027,Italy,transfermarkt.com,5805009,,1005,1103
US Lecce,Sebastian Esposito,21,Centre-Back,Melbourne Victory,End of loan 30/06/2026,in,Summer,0,Serie A,2026,2026/2027,Italy,transfermarkt.com,5852359,,1005,7006
US Lecce,Francesco Camarda,18,Centre-Forward,AC Milan,End of loan 30/06/2026 €1.35m,out,Summer,0,Serie A,2026,2026/2027,Italy,transfermarkt.com,5759063,,1005,5
US Lecce,Giacomo Faticanti,21,Defensive Midfield,Juventus Next Gen,€1.00m,out,Summer,1,Serie A,2026,2026/2027,Italy,transfermarkt.com,6368825,,1005,41101
US Lecce,Christian Früchtl,26,Goalkeeper,Red Bull Salzburg,€1.00m,out,Summer,1,Serie A,2026,2026/2027,Italy,transfermarkt.com,6488751,,1005,409
US Lecce,Ylber Ramadani,30,Defensive Midfield,Corum FK,€1.00m,out,Summer,1,Serie A,2026,2026/2027,Italy,transfermarkt.com,6404420,,1005,37951
US Lecce,Matteo Agrimi,21,Left Winger,Flaminia Civita Castellana,free transfer,out,Summer,0,Serie A,2026,2026/2027,Italy,transfermarkt.com,6427590,,1005,23051
US Lecce,Thórir Jóhann Helgason,25,Central Midfield,Venezia FC,free transfer,out,Summer,0,Serie A,2026,2026/2027,Italy,transfermarkt.com,6393508,,1005,607
US Lecce,Lameck Banda,25,Left Winger,Swehly SC,?,out,Summer,NA,Serie A,2026,2026/2027,Italy,transfermarkt.com,6524475,,1005,38559
US Lecce,Matías Pérez,21,Centre-Back,Deportes La Serena,loan transfer,out,Summer,0,Serie A,2026,2026/2027,Italy,transfermarkt.com,6502053,,1005,5747
US Lecce,Jasper Samooja,23,Goalkeeper,HJK Helsinki,loan transfer,out,Summer,0,Serie A,2026,2026/2027,Italy,transfermarkt.com,6498553,,1005,1008
US Lecce,Rareș Burnete,22,Centre-Forward,FC Südtirol,loan transfer,out,Summer,0,Serie A,2026,2026/2027,Italy,transfermarkt.com,6471305,,1005,4554
US Lecce,Ed McJannet,22,Central Midfield,Cosenza Calcio,loan transfer,out,Summer,0,Serie A,2026,2026/2027,Italy,transfermarkt.com,6465055,,1005,4031
US Lecce,Álex Sala,25,Central Midfield,RCD Mallorca,loan transfer,out,Summer,0,Serie A,2026,2026/2027,Italy,transfermarkt.com,6446444,,1005,237
US Lecce,Marco Delle Monache,21,Left Winger,Pineto Calcio,loan transfer,out,Summer,0,Serie A,2026,2026/2027,Italy,transfermarkt.com,6445410,,1005,46337
US Lecce,Filip Marchwiński,24,Attacking Midfield,Cracovia,loan transfer,out,Summer,0,Serie A,2026,2026/2027,Italy,transfermarkt.com,6438047,,1005,5689
US Lecce,Riccardo Sottil,27,Left Winger,ACF Fiorentina,End of loan 30/06/2026,out,Summer,0,Serie A,2026,2026/2027,Italy,transfermarkt.com,5850623,,1005,430
US Lecce,Walid Cheddira,28,Centre-Forward,SSC Napoli,End of loan 30/06/2026,out,Summer,0,Serie A,2026,2026/2027,Italy,transfermarkt.com,6137774,,1005,6195
Venezia FC,Akor Adams,26,Centre-Forward,Sevilla FC,€16.00m,in,Summer,16,Serie A,2026,2026/2027,Italy,transfermarkt.com,6448516,,607,368
Venezia FC,Albion Rrahmani,25,Centre-Forward,AC Sparta Prague,€7.50m,in,Summer,7.5,Serie A,2026,2026/2027,Italy,transfermarkt.com,6413755,,607,197
Venezia FC,Armel Bella-Kotchap,24,Centre-Back,Hellas Verona,€7.00m,in,Summer,7,Serie A,2026,2026/2027,Italy,transfermarkt.com,6388922,,607,276
Venezia FC,Redouane Halhal,23,Centre-Back,KV Mechelen,€5.00m,in,Summer,5,Serie A,2026,2026/2027,Italy,transfermarkt.com,6476377,,607,354
Venezia FC,Kornel Lisman,20,Left Winger,Lech Poznan,€2.50m,in,Summer,2.5,Serie A,2026,2026/2027,Italy,transfermarkt.com,6385538,,607,238
Venezia FC,Ale Gomes,18,Centre-Back,Real Zaragoza,€2.00m,in,Summer,2,Serie A,2026,2026/2027,Italy,transfermarkt.com,6415412,,607,142
Venezia FC,Bartol Franjic,26,Centre-Back,VfL Wolfsburg,€1.25m,in,Summer,1.25,Serie A,2026,2026/2027,Italy,transfermarkt.com,6388281,,607,82
Venezia FC,Mattia Compagnon,24,Right Midfield,Juventus Next Gen,€1.00m,in,Summer,1,Serie A,2026,2026/2027,Italy,transfermarkt.com,6294184,,607,41101
Venezia FC,Lorenzo Berardi,20,Left Midfield,Delfino Pescara 1936,€1.00m,in,Summer,1,Serie A,2026,2026/2027,Italy,transfermarkt.com,6388523,,607,2921
Venezia FC,Matías Moreno,22,Centre-Back,ACF Fiorentina,Loan fee:€500Th.,in,Summer,0.5,Serie A,2026,2026/2027,Italy,transfermarkt.com,6471544,,607,430
Venezia FC,Lorenzo Montipò,30,Goalkeeper,Hellas Verona,€250Th.,in,Summer,0.25,Serie A,2026,2026/2027,Italy,transfermarkt.com,6517013,,607,276
Venezia FC,Thórir Jóhann Helgason,25,Central Midfield,US Lecce,free transfer,in,Summer,0,Serie A,2026,2026/2027,Italy,transfermarkt.com,6393508,,607,1005
Venezia FC,Thierry Correia,27,Right-Back,Valencia CF,free transfer,in,Summer,0,Serie A,2026,2026/2027,Italy,transfermarkt.com,6397150,,607,1049
Venezia FC,Federico Tavernaro,21,Left Midfield,Vis Pesaro 1898,free transfer,in,Summer,0,Serie A,2026,2026/2027,Italy,transfermarkt.com,6440931,,607,7030
Venezia FC,Toma Bašić,29,Central Midfield,SS Lazio,free transfer,in,Summer,0,Serie A,2026,2026/2027,Italy,transfermarkt.com,6327503,,607,398
Venezia FC,Alessio Pozzi,25,Goalkeeper,Vis Pesaro 1898,?,in,Summer,NA,Serie A,2026,2026/2027,Italy,transfermarkt.com,6420440,,607,7030
Venezia FC,Simon Sohm,25,Central Midfield,ACF Fiorentina,loan transfer,in,Summer,0,Serie A,2026,2026/2027,Italy,transfermarkt.com,6478495,,607,430
Venezia FC,Giovanni Di Renzo,24,Centre-Back,Vis Pesaro 1898,End of loan 30/06/2026,in,Summer,0,Serie A,2026,2026/2027,Italy,transfermarkt.com,5502766,,607,7030
Venezia FC,Kevin Cannavò,26,Left Winger,Cosenza Calcio,End of loan 30/06/2026,in,Summer,0,Serie A,2026,2026/2027,Italy,transfermarkt.com,5863837,,607,4031
Venezia FC,Gaetano Oristanio,23,Attacking Midfield,Parma Calcio 1913,End of loan 30/06/2026,in,Summer,0,Serie A,2026,2026/2027,Italy,transfermarkt.com,5899427,,607,130
Venezia FC,Filippo Neri,23,Goalkeeper,US Triestina,End of loan 30/06/2026,in,Summer,0,Serie A,2026,2026/2027,Italy,transfermarkt.com,5911002,,607,4271
Venezia FC,Marco Ladisa,19,Left Winger,AC Trento,End of loan 30/06/2026,in,Summer,0,Serie A,2026,2026/2027,Italy,transfermarkt.com,6097016,,607,4095
Venezia FC,Simone Panada,24,Defensive Midfield,Atalanta U23,End of loan 30/06/2026,in,Summer,0,Serie A,2026,2026/2027,Italy,transfermarkt.com,6138769,,607,41110
Venezia FC,Cheick Condé,25,Defensive Midfield,FC Blau-Weiss Linz,End of loan 30/06/2026,in,Summer,0,Serie A,2026,2026/2027,Italy,transfermarkt.com,6145543,,607,2157
Venezia FC,Simone Ascione,21,Left Winger,US Triestina,End of loan 30/06/2026,in,Summer,0,Serie A,2026,2026/2027,Italy,transfermarkt.com,6150125,,607,4271
Venezia FC,Edoardo Mariani,19,Central Midfield,Vis Pesaro 1898,End of loan 30/06/2027,in,Summer,0,Serie A,2026,2026/2027,Italy,transfermarkt.com,6150579,,607,7030
Venezia FC,Hans Nicolussi Caviglia,26,Defensive Midfield,Parma Calcio 1913,End of loan 30/06/2026,in,Summer,0,Serie A,2026,2026/2027,Italy,transfermarkt.com,6150913,,607,130
Venezia FC,Lorenzo Busato,22,Centre-Back,AC Campodarsego,End of loan 30/06/2026,in,Summer,0,Serie A,2026,2026/2027,Italy,transfermarkt.com,6151003,,607,39711
Venezia FC,Daniel Fila,23,Centre-Forward,FC Empoli,End of loan 30/06/2026,in,Summer,0,Serie A,2026,2026/2027,Italy,transfermarkt.com,6151810,,607,749
Venezia FC,Junior Ligue,21,Left-Back,Mantova 1911,End of loan 30/06/2026,in,Summer,0,Serie A,2026,2026/2027,Italy,transfermarkt.com,6152558,,607,2581
Venezia FC,Lamine Fanne,22,Central Midfield,Delfino Pescara 1936,End of loan 30/06/2026,in,Summer,0,Serie A,2026,2026/2027,Italy,transfermarkt.com,6162326,,607,2921
Venezia FC,Alvin Okoro,21,Centre-Forward,SS Juve Stabia,End of loan 30/06/2026,in,Summer,0,Serie A,2026,2026/2027,Italy,transfermarkt.com,6162642,,607,5587
Venezia FC,Saad El Haddad,20,Attacking Midfield,Pineto Calcio,End of loan 30/06/2026,in,Summer,0,Serie A,2026,2026/2027,Italy,transfermarkt.com,6162675,,607,46337
Venezia FC,Giorgio Altare,27,Centre-Back,Delfino Pescara 1936,End of loan 30/06/2026,in,Summer,0,Serie A,2026,2026/2027,Italy,transfermarkt.com,6162896,,607,2921
Venezia FC,Issa Doumbia,22,Central Midfield,Sporting CP,€20.53m,out,Summer,20.53,Serie A,2026,2026/2027,Italy,transfermarkt.com,6334000,,607,336
Venezia FC,Hans Nicolussi Caviglia,26,Defensive Midfield,Parma Calcio 1913,€6.00m,out,Summer,6,Serie A,2026,2026/2027,Italy,transfermarkt.com,6288119,,607,130
Venezia FC,Michael Svoboda,27,Centre-Back,Brighton & Hove Albion,€5.00m,out,Summer,5,Serie A,2026,2026/2027,Italy,transfermarkt.com,6396427,,607,1237
Venezia FC,Nunzio Lella,26,Central Midfield,Hellas Verona,€250Th.,out,Summer,0.25,Serie A,2026,2026/2027,Italy,transfermarkt.com,6515580,,607,276
Venezia FC,Cheick Condé,26,Defensive Midfield,SK Beveren,free transfer,out,Summer,0,Serie A,2026,2026/2027,Italy,transfermarkt.com,6466861,,607,28643
Venezia FC,Stefano Minelli,32,Goalkeeper,Calcio Desenzano,free transfer,out,Summer,0,Serie A,2026,2026/2027,Italy,transfermarkt.com,6420472,,607,56265
Venezia FC,Lorenzo Busato,22,Centre-Back,Calcio Sandonà,?,out,Summer,NA,Serie A,2026,2026/2027,Italy,transfermarkt.com,6433325,,607,54652
Venezia FC,Giovanni Di Renzo,24,Centre-Back,Pineto Calcio,?,out,Summer,NA,Serie A,2026,2026/2027,Italy,transfermarkt.com,6444685,,607,46337
Venezia FC,Bjarki Bjarkason,26,Left Midfield,FC Südtirol,?,out,Summer,NA,Serie A,2026,2026/2027,Italy,transfermarkt.com,6490324,,607,4554
Venezia FC,Simone Ascione,21,Left Winger,Vis Pesaro 1898,?,out,Summer,NA,Serie A,2026,2026/2027,Italy,transfermarkt.com,6494645,,607,7030
Venezia FC,Giorgio Altare,28,Centre-Back,Delfino Pescara 1936,?,out,Summer,NA,Serie A,2026,2026/2027,Italy,transfermarkt.com,6504423,,607,2921
Venezia FC,Kevin Cannavò,26,Left Winger,Spezia Calcio,loan transfer,out,Summer,0,Serie A,2026,2026/2027,Italy,transfermarkt.com,6425432,,607,3522
Venezia FC,Daniel Fila,23,Centre-Forward,US Avellino 1912,loan transfer,out,Summer,0,Serie A,2026,2026/2027,Italy,transfermarkt.com,6444885,,607,2331
Venezia FC,Mattia Compagnon,24,Right Midfield,Hellas Verona,loan transfer,out,Summer,0,Serie A,2026,2026/2027,Italy,transfermarkt.com,6468637,,607,276
Venezia FC,Federico Tavernaro,21,Left Midfield,Vis Pesaro 1898,loan transfer,out,Summer,0,Serie A,2026,2026/2027,Italy,transfermarkt.com,6488025,,607,7030
Venezia FC,Ahmed Sidibé,24,Centre-Back,Vitória Guimarães SC,loan transfer,out,Summer,0,Serie A,2026,2026/2027,Italy,transfermarkt.com,6490371,,607,2420
Venezia FC,Seid Korac,24,Centre-Back,Hellas Verona,loan transfer,out,Summer,0,Serie A,2026,2026/2027,Italy,transfermarkt.com,6420530,,607,276
Venezia FC,Michael Venturi,27,Centre-Back,US Avellino 1912,loan transfer,out,Summer,0,Serie A,2026,2026/2027,Italy,transfermarkt.com,6495656,,607,2331
Venezia FC,Antonio Casas,26,Centre-Forward,Sporting Gijón,loan transfer,out,Summer,0,Serie A,2026,2026/2027,Italy,transfermarkt.com,6527805,,607,2448
Venezia FC,Gaetano Oristanio,23,Attacking Midfield,Torino FC,loan transfer,out,Summer,0,Serie A,2026,2026/2027,Italy,transfermarkt.com,6413749,,607,416
Venezia FC,Marco Ladisa,20,Left Winger,AC Trento,loan transfer,out,Summer,0,Serie A,2026,2026/2027,Italy,transfermarkt.com,6412247,,607,4095
Venezia FC,Alessandro Plizzari,26,Goalkeeper,FC Südtirol,loan transfer,out,Summer,0,Serie A,2026,2026/2027,Italy,transfermarkt.com,6416835,,607,4554
Venezia FC,Bartol Franjic,26,Centre-Back,VfL Wolfsburg,End of loan 30/06/2026,out,Summer,0,Serie A,2026,2026/2027,Italy,transfermarkt.com,5765787,,607,82
Venezia FC,Mattia Compagnon,24,Right Midfield,Juventus Next Gen,End of loan 30/06/2026,out,Summer,0,Serie A,2026,2026/2027,Italy,transfermarkt.com,5770957,,607,41101
Venezia FC,Alessandro Pietrelli,23,Right Midfield,Juventus Next Gen,End of loan 30/06/2026,out,Summer,0,Serie A,2026,2026/2027,Italy,transfermarkt.com,5867681,,607,41101
Frosinone Calcio,Romano Schmid,26,Attacking Midfield,SV Werder Bremen,€8.50m,in,Summer,8.5,Serie A,2026,2026/2027,Italy,transfermarkt.com,6497524,,8970,86
Frosinone Calcio,Aleksa Terzić,26,Left-Back,Red Bull Salzburg,€2.50m,in,Summer,2.5,Serie A,2026,2026/2027,Italy,transfermarkt.com,6502977,,8970,409
Frosinone Calcio,Luis Hasa,22,Central Midfield,SSC Napoli,€2.50m,in,Summer,2.5,Serie A,2026,2026/2027,Italy,transfermarkt.com,6454584,,8970,6195
Frosinone Calcio,Alessio Zerbin,27,Right Midfield,SSC Napoli,€2.00m,in,Summer,2,Serie A,2026,2026/2027,Italy,transfermarkt.com,6454582,,8970,6195
Frosinone Calcio,Daniel Bîrligea,26,Centre-Forward,FCSB,Loan fee:€1.50m,in,Summer,1.5,Serie A,2026,2026/2027,Italy,transfermarkt.com,6540298,,8970,301
Frosinone Calcio,Ben Lhassine Kone,26,Central Midfield,Como 1907,€1.30m,in,Summer,1.3,Serie A,2026,2026/2027,Italy,transfermarkt.com,6302721,,8970,1047
Frosinone Calcio,Enzo Tchato,23,Right-Back,Montpellier HSC,€800Th.,in,Summer,0.8,Serie A,2026,2026/2027,Italy,transfermarkt.com,6533855,,8970,969
Frosinone Calcio,Omar Fayed,23,Centre-Back,Fenerbahce,€500Th.,in,Summer,0.5,Serie A,2026,2026/2027,Italy,transfermarkt.com,6518393,,8970,36
Frosinone Calcio,Giacomo Calò,29,Defensive Midfield,Cesena FC,€300Th.,in,Summer,0.3,Serie A,2026,2026/2027,Italy,transfermarkt.com,6365585,,8970,1429
Frosinone Calcio,Kevin Akpoguma,31,Centre-Back,TSG 1899 Hoffenheim,free transfer,in,Summer,0,Serie A,2026,2026/2027,Italy,transfermarkt.com,6475993,,8970,533
Frosinone Calcio,Florian Grillitsch,31,Defensive Midfield,SC Braga,free transfer,in,Summer,0,Serie A,2026,2026/2027,Italy,transfermarkt.com,6497533,,8970,1075
Frosinone Calcio,Anouar El Azzouzi,25,Central Midfield,Fortuna Düsseldorf,free transfer,in,Summer,0,Serie A,2026,2026/2027,Italy,transfermarkt.com,6425468,,8970,38
Frosinone Calcio,Wisdom Amey,20,Centre-Back,Bologna FC 1909,loan transfer,in,Summer,0,Serie A,2026,2026/2027,Italy,transfermarkt.com,6409812,,8970,1025
Frosinone Calcio,Patrizio Masini,25,Central Midfield,Genoa CFC,loan transfer,in,Summer,0,Serie A,2026,2026/2027,Italy,transfermarkt.com,6492864,,8970,252
Frosinone Calcio,Sebastiano Desplanches,23,Goalkeeper,Palermo FC,loan transfer,in,Summer,0,Serie A,2026,2026/2027,Italy,transfermarkt.com,6438221,,8970,458
Frosinone Calcio,Alessandro Selvini,22,Centre-Forward,Forlì FC,End of loan 30/06/2026,in,Summer,0,Serie A,2026,2026/2027,Italy,transfermarkt.com,6104937,,8970,9816
Frosinone Calcio,Davide Biraschi,31,Centre-Back,Fatih Karagümrük,End of loan 30/06/2026,in,Summer,0,Serie A,2026,2026/2027,Italy,transfermarkt.com,6139544,,8970,6646
Frosinone Calcio,Davide Biraschi,31,Centre-Back,Fatih Karagümrük,€400Th.,out,Summer,0.4,Serie A,2026,2026/2027,Italy,transfermarkt.com,6318131,,8970,6646
Frosinone Calcio,Edoardo Masciangelo,30,Left-Back,Catania FC,free transfer,out,Summer,0,Serie A,2026,2026/2027,Italy,transfermarkt.com,6515759,,8970,1627
Frosinone Calcio,Riccardo Marchizza,28,Centre-Back,LR Vicenza,free transfer,out,Summer,0,Serie A,2026,2026/2027,Italy,transfermarkt.com,6344700,,8970,2655
Frosinone Calcio,Abdoulie Ndow,21,Attacking Midfield,Spezia Calcio,?,out,Summer,NA,Serie A,2026,2026/2027,Italy,transfermarkt.com,6422910,,8970,3522
Frosinone Calcio,Sergio Kalaj,26,Centre-Back,Spezia Calcio,?,out,Summer,NA,Serie A,2026,2026/2027,Italy,transfermarkt.com,6524550,,8970,3522
Frosinone Calcio,Alessandro Selvini,22,Centre-Forward,Pineto Calcio,?,out,Summer,NA,Serie A,2026,2026/2027,Italy,transfermarkt.com,6399670,,8970,46337
Frosinone Calcio,Lorenzo Gori,22,Centre-Forward,US Grosseto 1912,loan transfer,out,Summer,0,Serie A,2026,2026/2027,Italy,transfermarkt.com,6427582,,8970,4333
Frosinone Calcio,Muhammed Colley,20,Centre-Forward,Casertana FC,loan transfer,out,Summer,0,Serie A,2026,2026/2027,Italy,transfermarkt.com,6540153,,8970,4106
Frosinone Calcio,Niccolò Corrado,26,Left-Back,FC Empoli,loan transfer,out,Summer,0,Serie A,2026,2026/2027,Italy,transfermarkt.com,6536622,,8970,749
Frosinone Calcio,Filippo Grosso,19,Central Midfield,FC Crotone,loan transfer,out,Summer,0,Serie A,2026,2026/2027,Italy,transfermarkt.com,6536490,,8970,4083
Frosinone Calcio,Jérémy Oyono,25,Right-Back,Spezia Calcio,loan transfer,out,Summer,0,Serie A,2026,2026/2027,Italy,transfermarkt.com,6533845,,8970,3522
Frosinone Calcio,Jacopo Gelli,25,Centre-Back,Cesena FC,loan transfer,out,Summer,0,Serie A,2026,2026/2027,Italy,transfermarkt.com,6522111,,8970,1429
Frosinone Calcio,Edoardo Vergani,25,Centre-Forward,Without Club,-,out,Summer,NA,Serie A,2026,2026/2027,Italy,transfermarkt.com,6344714,,8970,515
Frosinone Calcio,Massimo Zilli,23,Centre-Forward,Cosenza Calcio,End of loan 30/06/2026,out,Summer,0,Serie A,2026,2026/2027,Italy,transfermarkt.com,5860695,,8970,4031
Frosinone Calcio,Ben Lhassine Kone,26,Central Midfield,Como 1907,End of loan 30/06/2026,out,Summer,0,Serie A,2026,2026/2027,Italy,transfermarkt.com,5911010,,8970,1047
Frosinone Calcio,Antonio Fiori,23,Left Winger,Mantova 1911,End of loan 30/06/2026,out,Summer,0,Serie A,2026,2026/2027,Italy,transfermarkt.com,6142461,,8970,2581
Frosinone Calcio,Giacomo Calò,29,Defensive Midfield,Cesena FC,End of loan 30/06/2026,out,Summer,0,Serie A,2026,2026/2027,Italy,transfermarkt.com,5841692,,8970,1429
AC Monza,Patrick Cutrone,28,Centre-Forward,Como 1907,€4.00m,in,Summer,4,Serie A,2026,2026/2027,Italy,transfermarkt.com,6319079,,2919,1047
AC Monza,Gustavo Varela,21,Centre-Forward,SL Benfica B,€2.50m,in,Summer,2.5,Serie A,2026,2026/2027,Italy,transfermarkt.com,6462304,,2919,10330
AC Monza,Idrissa Touré,28,Right Midfield,Pisa Sporting Club,€2.30m,in,Summer,2.3,Serie A,2026,2026/2027,Italy,transfermarkt.com,6521116,,2919,4172
AC Monza,Foe Ondoa,20,Attacking Midfield,Estoril Praia U23,€1.50m,in,Summer,1.5,Serie A,2026,2026/2027,Italy,transfermarkt.com,6338471,,2919,68403
AC Monza,Lorenzo Lucchesi,23,Centre-Back,ACF Fiorentina,€1.00m,in,Summer,1,Serie A,2026,2026/2027,Italy,transfermarkt.com,6331149,,2919,430
AC Monza,Ebenezer Akinsanmiro,21,Central Midfield,Inter Milan,loan transfer,in,Summer,0,Serie A,2026,2026/2027,Italy,transfermarkt.com,6475775,,2919,46
AC Monza,Jay Robinson,19,Left Winger,Southampton FC,loan transfer,in,Summer,0,Serie A,2026,2026/2027,Italy,transfermarkt.com,6490279,,2919,180
AC Monza,Yvan Maye,20,Centre-Back,Inter U23,loan transfer,in,Summer,0,Serie A,2026,2026/2027,Italy,transfermarkt.com,6533832,,2919,41119
AC Monza,Ricardo Mangas,28,Left-Back,Sporting CP,loan transfer,in,Summer,0,Serie A,2026,2026/2027,Italy,transfermarkt.com,6453483,,2919,336
AC Monza,Eddy Kouadio,20,Centre-Back,ACF Fiorentina,loan transfer,in,Summer,0,Serie A,2026,2026/2027,Italy,transfermarkt.com,6412816,,2919,430
AC Monza,Solomon Loubao,20,Centre-Forward,FC Sochaux-Montbéliard,End of loan 30/06/2026,in,Summer,0,Serie A,2026,2026/2027,Italy,transfermarkt.com,6148814,,2919,750
AC Monza,Kevin Martins,21,Right Winger,US Sambenedettese,End of loan 30/06/2026,in,Summer,0,Serie A,2026,2026/2027,Italy,transfermarkt.com,5909662,,2919,4330
AC Monza,Alessandro Sorrentino,24,Goalkeeper,Calcio Padova,End of loan 30/06/2026,in,Summer,0,Serie A,2026,2026/2027,Italy,transfermarkt.com,5874408,,2919,3037
AC Monza,Alessandro Berretta,19,Central Midfield,AS Giana Erminio,End of loan 30/06/2026,in,Summer,0,Serie A,2026,2026/2027,Italy,transfermarkt.com,5861823,,2919,44223
AC Monza,Hernani,32,Central Midfield,Palermo FC,€1.00m,out,Summer,1,Serie A,2026,2026/2027,Italy,transfermarkt.com,6405523,,2919,458
AC Monza,Luca Ravanelli,29,Centre-Back,UC Sampdoria,€300Th.,out,Summer,0.3,Serie A,2026,2026/2027,Italy,transfermarkt.com,6437370,,2919,1038
AC Monza,Mirko Marić,31,Centre-Forward,NK Lokomotiva Zagreb,free transfer,out,Summer,0,Serie A,2026,2026/2027,Italy,transfermarkt.com,6344727,,2919,11194
AC Monza,Arvid Brorsson,27,Centre-Back,Raków Częstochowa,?,out,Summer,NA,Serie A,2026,2026/2027,Italy,transfermarkt.com,6515737,,2919,9644
AC Monza,Andrea Petagna,31,Centre-Forward,Pisa Sporting Club,?,out,Summer,NA,Serie A,2026,2026/2027,Italy,transfermarkt.com,6520741,,2919,4172
AC Monza,Alessandro Sorrentino,24,Goalkeeper,Calcio Padova,?,out,Summer,NA,Serie A,2026,2026/2027,Italy,transfermarkt.com,6362834,,2919,3037
AC Monza,Paulo Azzi,31,Left Midfield,Modena FC,?,out,Summer,NA,Serie A,2026,2026/2027,Italy,transfermarkt.com,6420168,,2919,1385
AC Monza,Alessandro Berretta,20,Central Midfield,US Pergolettese 1932,loan transfer,out,Summer,0,Serie A,2026,2026/2027,Italy,transfermarkt.com,6537454,,2919,4553
AC Monza,Samuele Capolupo,20,Left-Back,Spezia Calcio,loan transfer,out,Summer,0,Serie A,2026,2026/2027,Italy,transfermarkt.com,6427208,,2919,3522
AC Monza,Pedro Obiang,34,Central Midfield,Retired,-,out,Summer,NA,Serie A,2026,2026/2027,Italy,transfermarkt.com,6453521,,2919,
AC Monza,Lorenzo Lucchesi,23,Centre-Back,ACF Fiorentina,End of loan 30/06/2026,out,Summer,0,Serie A,2026,2026/2027,Italy,transfermarkt.com,5790999,,2919,430
AC Monza,Patrick Cutrone,28,Centre-Forward,Como 1907,End of loan 30/06/2026,out,Summer,0,Serie A,2026,2026/2027,Italy,transfermarkt.com,6153229,,2919,1047
AC Monza,Giuseppe Caso,27,Attacking Midfield,Modena FC,End of loan 30/06/2026,out,Summer,0,Serie A,2026,2026/2027,Italy,transfermarkt.com,6137862,,2919,1385
AC Monza,Agustín Álvarez,25,Centre-Forward,US Sassuolo,End of loan 30/06/2026,out,Summer,0,Serie A,2026,2026/2027,Italy,transfermarkt.com,5897193,,2919,6574
Inter Milan,Valentín Carboni,21,Attacking Midfield,Racing Club,End of loan 31/12/2026,in,Winter,0,Serie A,2026,2026/2027,Italy,transfermarkt.com,6105631,,46,1444
Inter Milan,Tomás Palacios,23,Centre-Back,Club Estudiantes de La Plata,End of loan 31/12/2026,in,Winter,0,Serie A,2026,2026/2027,Italy,transfermarkt.com,6146157,,46,288
Bologna FC 1909,Thomas Gillier,22,Goalkeeper,CF Montréal,End of loan 31/12/2026,in,Winter,0,Serie A,2026,2026/2027,Italy,transfermarkt.com,5761325,,1025,4078
Torino FC,Senan Mullen,21,Centre-Back,Bohemian Football Club,End of loan 31/12/2026,in,Winter,0,Serie A,2026,2026/2027,Italy,transfermarkt.com,6145823,,416,9211
ACF Fiorentina,Gino Infantino,23,Central Midfield,AA Argentinos Juniors,End of loan 31/12/2026,in,Winter,0,Serie A,2026,2026/2027,Italy,transfermarkt.com,6093310,,430,1030
US Lecce,Jasper Samooja,23,Goalkeeper,HJK Helsinki,End of loan 31/12/2026,in,Winter,0,Serie A,2026,2026/2027,Italy,transfermarkt.com,6498554,,1005,1008
Frosinone Calcio,Damar Dixon,22,Left Winger,Toronto FC II,End of loan 31/12/2026,in,Winter,0,Serie A,2026,2026/2027,Italy,transfermarkt.com,6397868,,8970,46823
